incident_id,city,road_name,vehicle_type,accident_type,severity,weather_condition,road_condition,cause,driver_age,driver_gender,injury_count,damage_cost_php,latitude,longitude,datetime,hour,day_of_week,month_name,is_weekend,age_group
MMTI-2025-0222,Makati,Katipunan Ave,Car,Pedestrian,Major,Cloudy,Unknown,Reckless Driving,29,Female,0.0,13500,14.511233595360254,121.02033255728902,2025-12-27 22:22:00,10 PM,Saturday,December,True,26-40
MMTI-2025-0223,Manila,Ortigas Ave,Jeepney,Rear-end,Major,Storm,Wet,Traffic Violation,21,Male,1.0,77000,14.640939268346465,120.92833053287023,2025-01-11 16:30:00,4 PM,Saturday,January,True,18-25
MMTI-2025-0224,Las Piñas,C5,Bus,Hit and Run,Unknown,Clear,Slippery,Reckless Driving,38,Female,1.0,95500,14.689738706405263,121.05836850499998,2025-02-26 16:55:00,4 PM,Wednesday,February,False,26-40
MMTI-2025-0225,Pasay,España Blvd,UV Express,Pedestrian,Fatal,Rain,Unknown,Drunk Driving,42,Male,0.0,90000,14.558903452943785,120.9355416576994,2025-09-07 20:20:00,8 PM,Sunday,September,True,41-60
MMTI-2025-0226,Navotas,Katipunan Ave,Motorcycle,Rear-end,Unknown,Storm,Unknown,Mechanical Failure,58,Male,3.0,20000,14.566233685233213,120.91556132769288,2025-01-01 22:36:00,10 PM,Wednesday,January,False,41-60
MMTI-2025-0227,Makati,Ortigas Ave,Truck,Collision,Fatal,Rain,Wet,Distracted Driving,40,Male,0.0,94000,14.500256231498938,120.97718741959068,2025-06-27 10:10:00,10 AM,Friday,June,False,26-40
MMTI-2025-0228,Malabon,Aurora Blvd,Truck,Side-swipe,Unknown,Cloudy,Dry,Unknown,68,Female,1.0,59500,14.514741877912275,121.06915249680492,2025-08-03 05:56:00,5 AM,Sunday,August,True,Senior
MMTI-2025-0229,Mandaluyong,C5,Motorcycle,Side-swipe,Major,Cloudy,Wet,Distracted Driving,53,Male,2.0,78000,14.69705522002823,121.07864523452928,2025-05-31 00:20:00,12 AM,Saturday,May,True,41-60
MMTI-2025-0230,Pasay,Katipunan Ave,Truck,Rear-end,Minor,Clear,Slippery,Mechanical Failure,30,Female,0.0,72500,14.644407620915135,121.04599480113406,2025-12-27 00:27:00,12 AM,Saturday,December,True,26-40
MMTI-2025-0231,San Juan,Quezon Ave,Motorcycle,Collision,Unknown,Clear,Unknown,Unknown,27,Male,2.0,2000,14.585521191489144,120.95890988979323,2025-05-16 21:18:00,9 PM,Friday,May,False,26-40
MMTI-2025-0232,Pateros,Quezon Ave,Motorcycle,Collision,Major,Rain,Slippery,Distracted Driving,48,Male,2.0,52500,14.594188890589916,121.0789754966811,2025-12-05 20:38:00,8 PM,Friday,December,False,41-60
MMTI-2025-0233,Quezon City,Taft Ave,Car,Side-swipe,Unknown,Storm,Wet,Unknown,20,Male,3.0,61500,14.552680161932471,121.0674157504269,2025-05-16 02:41:00,2 AM,Friday,May,False,18-25
MMTI-2025-0234,Taguig,C5,UV Express,Side-swipe,Unknown,Cloudy,Unknown,Mechanical Failure,53,Male,3.0,68500,14.58372641498689,121.00710288239578,2025-10-16 01:09:00,1 AM,Thursday,October,False,41-60
MMTI-2025-0235,Caloocan,Aurora Blvd,Bus,Collision,Unknown,Rain,Dry,Drunk Driving,25,Female,1.0,23000,14.694432975667551,121.06169214426389,2025-09-01 18:56:00,6 PM,Monday,September,False,18-25
MMTI-2025-0236,Makati,Taft Ave,Car,Rear-end,Unknown,Storm,Slippery,Distracted Driving,23,Female,4.0,52500,14.61041083831508,121.07132483612924,2025-03-06 01:27:00,1 AM,Thursday,March,False,18-25
MMTI-2025-0237,Manila,Katipunan Ave,Jeepney,Pedestrian,Unknown,Clear,Unknown,Drunk Driving,27,Male,0.0,74000,14.65590893939285,121.05714912606194,2025-09-24 14:58:00,2 PM,Wednesday,September,False,26-40
MMTI-2025-0238,Malabon,Roxas Blvd,Truck,Hit and Run,Unknown,Clear,Unknown,Overspeeding,29,Male,3.0,20000,14.62364889772036,121.03616257264268,2025-10-02 11:56:00,11 AM,Thursday,October,False,26-40
MMTI-2025-0239,Marikina,Quezon Ave,Motorcycle,Hit and Run,Fatal,Storm,Dry,Traffic Violation,,Male,2.0,37500,14.668569313722282,121.07164695664672,2025-07-25 01:25:00,1 AM,Friday,July,False,Unknown
MMTI-2025-0240,Caloocan,Commonwealth Ave,Bus,Hit and Run,Fatal,Storm,Unknown,Distracted Driving,30,Female,1.0,54000,14.648188959784,121.05189865904526,2025-12-17 03:55:00,3 AM,Wednesday,December,False,26-40
MMTI-2025-0241,Pasay,C5,Bus,Pedestrian,Unknown,Rain,Unknown,Overspeeding,29,Female,1.0,9000,14.549898052264856,120.99128973342562,2025-07-11 01:32:00,1 AM,Friday,July,False,26-40
MMTI-2025-0242,Mandaluyong,Ortigas Ave,Taxi,Hit and Run,Unknown,Cloudy,Dry,Overspeeding,33,Male,3.0,78000,14.589220686521504,121.09210407565608,2025-07-04 22:12:00,10 PM,Friday,July,False,26-40
MMTI-2025-0243,Las Piñas,Ortigas Ave,Car,Side-swipe,Minor,Storm,Dry,Unknown,21,Female,4.0,29000,14.67142223748766,121.02947597835232,2025-08-31 18:35:00,6 PM,Sunday,August,True,18-25
MMTI-2025-0244,Malabon,España Blvd,Motorcycle,Collision,Unknown,Rain,Wet,Overspeeding,32,Male,4.0,41000,14.64254809762094,121.04187363928963,2025-12-13 06:17:00,6 AM,Saturday,December,True,26-40
MMTI-2025-0245,Navotas,Ortigas Ave,Truck,Side-swipe,Major,Cloudy,Slippery,Unknown,55,Male,0.0,67000,14.699885875973637,121.09329709089292,2025-05-21 13:57:00,1 PM,Wednesday,May,False,41-60
MMTI-2025-0246,Pasig,Katipunan Ave,Bus,Side-swipe,Minor,Cloudy,Dry,Traffic Violation,35,Male,2.0,35000,14.63122392104729,121.09043755962308,2025-07-11 17:41:00,5 PM,Friday,July,False,26-40
MMTI-2025-0247,Pasig,España Blvd,Taxi,Rear-end,Minor,Clear,Unknown,Traffic Violation,61,Female,0.0,5000,14.631080114092487,121.09949381991566,2025-11-30 09:12:00,9 AM,Sunday,November,True,Senior
MMTI-2025-0248,Navotas,EDSA,Jeepney,Pedestrian,Major,Storm,Wet,Unknown,60,Male,4.0,40000,14.66908384884892,121.06812773891927,2025-05-13 13:25:00,1 PM,Tuesday,May,False,41-60
MMTI-2025-0249,Taguig,Aurora Blvd,Car,Side-swipe,Unknown,Rain,Slippery,Distracted Driving,32,Male,1.0,97000,14.674286446432896,120.98409451363696,2025-10-13 05:18:00,5 AM,Monday,October,False,26-40
MMTI-2025-0250,Makati,Roxas Blvd,Truck,Collision,Unknown,Clear,Unknown,Distracted Driving,48,Female,4.0,17000,14.673499550939646,120.97633384396111,2025-06-19 11:16:00,11 AM,Thursday,June,False,41-60
MMTI-2025-0251,Pasig,Commonwealth Ave,Car,Side-swipe,Unknown,Clear,Unknown,Drunk Driving,38,Female,0.0,64000,14.566525889383303,121.09732807453994,2025-06-02 13:03:00,1 PM,Monday,June,False,26-40
MMTI-2025-0252,Manila,Aurora Blvd,Bus,Rear-end,Major,Clear,Wet,Unknown,68,Male,1.0,80500,14.586742282857728,120.98588194460184,2025-06-10 20:03:00,8 PM,Tuesday,June,False,Senior
MMTI-2025-0253,Manila,EDSA,Jeepney,Rear-end,Fatal,Clear,Slippery,Mechanical Failure,19,Male,0.0,95500,14.549764624575175,121.03870494943408,2025-08-08 15:24:00,3 PM,Friday,August,False,18-25
MMTI-2025-0254,Taguig,Taft Ave,Jeepney,Pedestrian,Fatal,Rain,Dry,Overspeeding,37,Male,3.0,95000,14.604057682449175,121.0048235287336,2025-06-26 09:08:00,9 AM,Thursday,June,False,26-40
MMTI-2025-0255,Marikina,Aurora Blvd,Bus,Rear-end,Major,Cloudy,Dry,Mechanical Failure,32,Female,1.0,95500,14.504382654413122,121.00092671091704,2025-08-11 21:08:00,9 PM,Monday,August,False,26-40
MMTI-2025-0256,Quezon City,Taft Ave,UV Express,Side-swipe,Unknown,Clear,Dry,Overspeeding,60,Male,0.0,4500,14.509647011294588,120.92315796526786,2025-03-05 11:45:00,11 AM,Wednesday,March,False,41-60
MMTI-2025-0257,Quezon City,Roxas Blvd,Truck,Rear-end,Major,Rain,Dry,Reckless Driving,44,Male,0.0,68500,14.553995429907438,121.0211268673848,2025-08-16 12:07:00,12 PM,Saturday,August,True,41-60
MMTI-2025-0258,Taguig,España Blvd,UV Express,Pedestrian,Minor,Storm,Dry,Distracted Driving,49,Female,4.0,27500,14.655591783319403,121.06629976410144,2025-03-12 13:53:00,1 PM,Wednesday,March,False,41-60
MMTI-2025-0259,Malabon,Roxas Blvd,Car,Collision,Unknown,Cloudy,Wet,Unknown,39,Female,0.0,3500,14.63432662649304,121.08137600885397,2025-04-14 11:45:00,11 AM,Monday,April,False,26-40
MMTI-2025-0260,Pasig,C5,Taxi,Pedestrian,Minor,Rain,Dry,Reckless Driving,59,Female,3.0,39500,14.552825004554208,120.9100160391626,2025-10-21 21:31:00,9 PM,Tuesday,October,False,41-60
MMTI-2025-0261,San Juan,Ortigas Ave,Taxi,Side-swipe,Unknown,Rain,Dry,Distracted Driving,66,Male,0.0,19500,14.63267100549817,120.93410245527129,2025-03-31 01:54:00,1 AM,Monday,March,False,Senior
MMTI-2025-0262,Mandaluyong,C5,Bus,Side-swipe,Major,Clear,Unknown,Unknown,47,Male,3.0,90000,14.670134315607315,121.0599798193898,2025-07-03 14:39:00,2 PM,Thursday,July,False,41-60
MMTI-2025-0263,Pasig,EDSA,Taxi,Rear-end,Minor,Cloudy,Unknown,Unknown,69,Female,1.0,80000,14.575950155823175,120.97171978296542,2025-11-29 05:07:00,5 AM,Saturday,November,True,Senior
MMTI-2025-0264,Pasig,Aurora Blvd,Truck,Collision,Unknown,Cloudy,Dry,Distracted Driving,34,Male,0.0,92000,14.673666454371704,121.00496358240773,2025-01-15 21:56:00,9 PM,Wednesday,January,False,26-40
MMTI-2025-0265,Caloocan,Ortigas Ave,Jeepney,Pedestrian,Unknown,Clear,Unknown,Mechanical Failure,48,Male,0.0,88500,14.628280890561456,120.92973089045142,2025-10-23 23:36:00,11 PM,Thursday,October,False,41-60
MMTI-2025-0266,Manila,Commonwealth Ave,Jeepney,Hit and Run,Unknown,Rain,Dry,Unknown,38,Female,2.0,37500,14.51007014290531,120.94454130463376,2025-10-13 19:03:00,7 PM,Monday,October,False,26-40
MMTI-2025-0267,Caloocan,C5,Truck,Hit and Run,Unknown,Cloudy,Dry,Unknown,46,Male,0.0,65500,14.649047792931457,120.9035538257698,2025-11-26 12:25:00,12 PM,Wednesday,November,False,41-60
MMTI-2025-0268,Quezon City,España Blvd,Motorcycle,Collision,Unknown,Clear,Slippery,Mechanical Failure,59,Female,2.0,48500,14.665062198123746,121.06331773731549,2025-07-26 13:02:00,1 PM,Saturday,July,True,41-60
MMTI-2025-0269,Pasig,Katipunan Ave,Truck,Side-swipe,Unknown,Clear,Dry,Mechanical Failure,18,Male,2.0,83000,14.692886736690868,120.95839671276168,2025-08-21 10:35:00,10 AM,Thursday,August,False,18-25
MMTI-2025-0270,Taguig,EDSA,Car,Hit and Run,Major,Rain,Unknown,Distracted Driving,34,Female,1.0,17000,14.686043251830627,120.97857929798305,2025-09-25 11:44:00,11 AM,Thursday,September,False,26-40
MMTI-2025-0271,Marikina,C5,Taxi,Hit and Run,Minor,Rain,Unknown,Distracted Driving,67,Female,3.0,86000,14.617863233322188,121.000839515231,2025-08-23 06:45:00,6 AM,Saturday,August,True,Senior
MMTI-2025-0272,Quezon City,España Blvd,Truck,Pedestrian,Unknown,Clear,Wet,Drunk Driving,64,Female,0.0,51500,14.631504362226346,121.0212321547906,2025-09-13 00:33:00,12 AM,Saturday,September,True,Senior
MMTI-2025-0273,Navotas,Taft Ave,Jeepney,Rear-end,Fatal,Cloudy,Slippery,Reckless Driving,46,Female,1.0,54500,14.620504889935276,121.07728737108177,2025-06-14 16:56:00,4 PM,Saturday,June,True,41-60
MMTI-2025-0274,Quezon City,Ortigas Ave,UV Express,Pedestrian,Major,Rain,Wet,Reckless Driving,61,Male,0.0,18500,14.696267099246974,121.0300172775614,2025-09-20 09:53:00,9 AM,Saturday,September,True,Senior
MMTI-2025-0275,Marikina,C5,Taxi,Side-swipe,Unknown,Cloudy,Unknown,Unknown,61,Male,3.0,3500,14.60454599724184,120.9050544282509,2025-04-02 16:34:00,4 PM,Wednesday,April,False,Senior
MMTI-2025-0276,Quezon City,Quezon Ave,Bus,Rear-end,Fatal,Rain,Slippery,Drunk Driving,21,Male,1.0,98000,14.608234417486647,120.97173648746912,2025-03-16 01:42:00,1 AM,Sunday,March,True,18-25
MMTI-2025-0277,Quezon City,Quezon Ave,UV Express,Pedestrian,Unknown,Rain,Unknown,Reckless Driving,62,Male,3.0,51500,14.583313247496935,121.05762230601285,2025-08-20 03:39:00,3 AM,Wednesday,August,False,Senior
MMTI-2025-0278,Quezon City,EDSA,UV Express,Side-swipe,Major,Clear,Unknown,Mechanical Failure,58,Male,4.0,71500,14.64769000649957,120.93929381635212,2025-12-17 10:35:00,10 AM,Wednesday,December,False,41-60
MMTI-2025-0279,Pasay,C5,Car,Rear-end,Unknown,Clear,Unknown,Overspeeding,45,Male,4.0,35500,14.526013306023074,121.0167972115368,2025-04-10 09:28:00,9 AM,Thursday,April,False,41-60
MMTI-2025-0280,Valenzuela,Commonwealth Ave,Motorcycle,Rear-end,Fatal,Clear,Dry,Reckless Driving,49,Male,0.0,92500,14.563571801074438,120.94399240308552,2025-05-11 00:21:00,12 AM,Sunday,May,True,41-60
MMTI-2025-0281,Manila,Commonwealth Ave,Truck,Pedestrian,Unknown,Cloudy,Dry,Traffic Violation,32,Female,0.0,44000,14.56621330732226,120.95871487143404,2025-04-05 16:04:00,4 PM,Saturday,April,True,26-40
MMTI-2025-0282,Quezon City,EDSA,Motorcycle,Side-swipe,Unknown,Rain,Unknown,Mechanical Failure,20,Male,3.0,16500,14.57717518695681,121.00804746258852,2025-11-13 16:30:00,4 PM,Thursday,November,False,18-25
MMTI-2025-0283,Manila,Ortigas Ave,Jeepney,Pedestrian,Unknown,Cloudy,Dry,Reckless Driving,59,Female,2.0,67500,14.5164690896097,120.91919128621728,2025-05-25 00:58:00,12 AM,Sunday,May,True,41-60
MMTI-2025-0284,Makati,Quezon Ave,UV Express,Rear-end,Unknown,Clear,Wet,Unknown,59,Male,0.0,89500,14.530750915443528,120.991845047052,2025-10-03 17:00:00,5 PM,Friday,October,False,41-60
MMTI-2025-0285,Makati,EDSA,Car,Side-swipe,Unknown,Clear,Unknown,Mechanical Failure,34,Female,3.0,59500,14.626043452925158,120.98660500692786,2025-06-19 01:05:00,1 AM,Thursday,June,False,26-40
MMTI-2025-0286,Taguig,España Blvd,Motorcycle,Pedestrian,Minor,Rain,Unknown,Overspeeding,62,Male,2.0,66000,14.521227108373994,121.05737837953252,2025-01-09 12:43:00,12 PM,Thursday,January,False,Senior
MMTI-2025-0287,San Juan,Aurora Blvd,Truck,Hit and Run,Minor,Cloudy,Wet,Mechanical Failure,26,Female,4.0,39500,14.692026853016086,120.9288151074917,2025-06-04 19:05:00,7 PM,Wednesday,June,False,26-40
MMTI-2025-0288,Las Piñas,EDSA,Jeepney,Pedestrian,Major,Clear,Dry,Overspeeding,54,Female,4.0,72000,14.689395877845774,120.9609382304699,2025-12-13 23:41:00,11 PM,Saturday,December,True,41-60
MMTI-2025-0289,Manila,Commonwealth Ave,Car,Rear-end,Major,Clear,Slippery,Mechanical Failure,25,Female,0.0,74500,14.670450225553497,121.0702775444851,2025-06-26 06:26:00,6 AM,Thursday,June,False,18-25
MMTI-2025-0290,Quezon City,C5,Bus,Collision,Fatal,Clear,Wet,Unknown,39,Male,1.0,87500,14.631094596139391,120.9200090114551,2025-10-09 14:41:00,2 PM,Thursday,October,False,26-40
MMTI-2025-0291,Parañaque,Ortigas Ave,Truck,Hit and Run,Fatal,Clear,Slippery,Drunk Driving,54,Male,2.0,56500,14.533727902181196,120.96264295614688,2025-11-14 02:57:00,2 AM,Friday,November,False,41-60
MMTI-2025-0292,Malabon,Roxas Blvd,Taxi,Side-swipe,Major,Rain,Slippery,Unknown,47,Female,2.0,41000,14.597394276487336,120.921766527259,2025-04-24 22:47:00,10 PM,Thursday,April,False,41-60
MMTI-2025-0293,Mandaluyong,Commonwealth Ave,Jeepney,Rear-end,Fatal,Rain,Dry,Distracted Driving,19,Male,4.0,76000,14.581026893510224,121.01800726236814,2025-11-27 19:05:00,7 PM,Thursday,November,False,18-25
MMTI-2025-0294,Quezon City,España Blvd,Truck,Rear-end,Fatal,Cloudy,Wet,Reckless Driving,26,Female,4.0,67000,14.518110804851034,120.97277311161484,2025-01-19 17:16:00,5 PM,Sunday,January,True,26-40
MMTI-2025-0295,Pasig,Commonwealth Ave,Taxi,Pedestrian,Major,Cloudy,Wet,Drunk Driving,54,Female,0.0,95500,14.596700683145484,120.97175910776916,2025-01-06 21:15:00,9 PM,Monday,January,False,41-60
MMTI-2025-0296,Makati,Roxas Blvd,Bus,Rear-end,Minor,Rain,Wet,Traffic Violation,42,Female,3.0,7500,14.50798093971698,121.02970494974268,2025-04-23 15:14:00,3 PM,Wednesday,April,False,41-60
MMTI-2025-0297,Mandaluyong,Roxas Blvd,Jeepney,Pedestrian,Unknown,Rain,Unknown,Unknown,41,Male,4.0,34000,14.57526575620871,121.08144848528936,2025-02-22 22:33:00,10 PM,Saturday,February,True,41-60
MMTI-2025-0298,Las Piñas,Aurora Blvd,Taxi,Hit and Run,Unknown,Clear,Unknown,Drunk Driving,46,Female,1.0,11500,14.602908254628597,120.95616190167,2025-09-22 12:22:00,12 PM,Monday,September,False,41-60
MMTI-2025-0299,Las Piñas,Katipunan Ave,UV Express,Collision,Major,Cloudy,Slippery,Distracted Driving,48,Female,3.0,28500,14.618158179761837,121.02945184682812,2025-03-18 05:10:00,5 AM,Tuesday,March,False,41-60
MMTI-2025-0300,Quezon City,Commonwealth Ave,Jeepney,Pedestrian,Major,Rain,Unknown,Overspeeding,54,Female,0.0,23000,14.55165192920334,120.93600750791526,2025-07-30 00:15:00,12 AM,Wednesday,July,False,41-60
MMTI-2025-0301,Manila,Roxas Blvd,Motorcycle,Rear-end,Unknown,Clear,Unknown,Unknown,28,Female,3.0,78500,14.528542427412594,121.01652922752568,2025-07-27 19:36:00,7 PM,Sunday,July,True,26-40
MMTI-2025-0302,Manila,Roxas Blvd,Car,Side-swipe,Unknown,Clear,Unknown,Distracted Driving,32,Female,3.0,18500,14.521714022780303,120.94046970981763,2025-04-04 19:42:00,7 PM,Friday,April,False,26-40
MMTI-2025-0303,Pasig,Katipunan Ave,Motorcycle,Rear-end,Unknown,Clear,Unknown,Overspeeding,68,Male,0.0,63500,14.631878522232665,121.08039695114417,2025-09-16 21:26:00,9 PM,Tuesday,September,False,Senior
MMTI-2025-0304,Malabon,España Blvd,Truck,Side-swipe,Minor,Rain,Unknown,Unknown,32,Female,3.0,46500,14.61780961722824,121.04827880845646,2025-10-04 00:57:00,12 AM,Saturday,October,True,26-40
MMTI-2025-0305,Malabon,Commonwealth Ave,Bus,Hit and Run,Major,Clear,Slippery,Unknown,34,Female,0.0,92500,14.648729136272404,120.90142281588612,2025-12-23 18:06:00,6 PM,Tuesday,December,False,26-40
MMTI-2025-0306,Manila,Taft Ave,UV Express,Rear-end,Fatal,Cloudy,Slippery,Distracted Driving,27,Female,0.0,76500,14.550726545246397,121.0709953852536,2025-09-25 03:33:00,3 AM,Thursday,September,False,26-40
MMTI-2025-0307,Pasig,Roxas Blvd,UV Express,Hit and Run,Major,Cloudy,Unknown,Unknown,29,Male,4.0,73000,14.596752031525638,121.097701652805,2025-08-05 18:23:00,6 PM,Tuesday,August,False,26-40
MMTI-2025-0308,Navotas,Commonwealth Ave,Taxi,Collision,Major,Cloudy,Wet,Distracted Driving,31,Female,2.0,72000,14.622805073405887,121.0369128893417,2025-10-23 11:49:00,11 AM,Thursday,October,False,26-40
MMTI-2025-0309,Manila,C5,Taxi,Rear-end,Unknown,Clear,Unknown,Distracted Driving,22,Male,1.0,49000,14.51600794733916,120.90755106765702,2025-01-27 05:24:00,5 AM,Monday,January,False,18-25
MMTI-2025-0310,Manila,Roxas Blvd,UV Express,Pedestrian,Minor,Rain,Unknown,Unknown,18,Female,0.0,68000,14.557201302341738,120.90672187027926,2025-07-16 12:39:00,12 PM,Wednesday,July,False,18-25
MMTI-2025-0311,Caloocan,Katipunan Ave,Car,Collision,Fatal,Rain,Dry,Drunk Driving,23,Male,3.0,47000,14.63393240927926,120.98109019337012,2025-11-03 16:33:00,4 PM,Monday,November,False,18-25
MMTI-2025-0312,Makati,C5,Jeepney,Side-swipe,Unknown,Clear,Slippery,Traffic Violation,,Male,1.0,79500,14.692611427895017,120.99095180173175,2025-04-13 16:00:00,4 PM,Sunday,April,True,Unknown
MMTI-2025-0313,Mandaluyong,Commonwealth Ave,Truck,Pedestrian,Minor,Clear,Dry,Reckless Driving,39,Male,4.0,34500,14.675222609248614,121.06262946992128,2025-07-26 18:00:00,6 PM,Saturday,July,True,26-40
MMTI-2025-0314,Valenzuela,Taft Ave,Jeepney,Hit and Run,Major,Storm,Unknown,Unknown,55,Male,3.0,16500,14.55156395296388,120.97653464918383,2025-10-22 08:44:00,8 AM,Wednesday,October,False,41-60
MMTI-2025-0315,Caloocan,Ortigas Ave,Truck,Side-swipe,Unknown,Clear,Dry,Reckless Driving,33,Male,0.0,53000,14.634739583356362,121.06421493789853,2025-04-23 21:44:00,9 PM,Wednesday,April,False,26-40
MMTI-2025-0316,Pasay,Aurora Blvd,Bus,Side-swipe,Major,Clear,Slippery,Drunk Driving,65,Female,3.0,96000,14.539933307818862,121.04708581304855,2025-02-08 17:59:00,5 PM,Saturday,February,True,Senior
MMTI-2025-0317,Parañaque,Quezon Ave,Taxi,Pedestrian,Fatal,Rain,Dry,Distracted Driving,23,Female,4.0,2500,14.652848842527105,121.00829479092062,2025-05-16 06:14:00,6 AM,Friday,May,False,18-25
MMTI-2025-0318,Pasig,Ortigas Ave,Truck,Pedestrian,Fatal,Cloudy,Wet,Reckless Driving,43,Female,4.0,18000,14.510829634257757,121.059853983556,2025-01-22 15:23:00,3 PM,Wednesday,January,False,41-60
MMTI-2025-0319,Manila,Ortigas Ave,Truck,Rear-end,Unknown,Clear,Unknown,Unknown,38,Male,0.0,88000,14.54215047714029,121.0162016437959,2025-09-02 17:02:00,5 PM,Tuesday,September,False,26-40
MMTI-2025-0320,Mandaluyong,Commonwealth Ave,Jeepney,Side-swipe,Major,Storm,Unknown,Traffic Violation,41,Female,3.0,56000,14.54210649642213,121.04014252536328,2025-06-16 11:39:00,11 AM,Monday,June,False,41-60
MMTI-2025-0321,Navotas,Roxas Blvd,Truck,Rear-end,Unknown,Rain,Unknown,Mechanical Failure,,Male,0.0,36500,14.660817516201444,121.01106800948416,2025-07-10 11:54:00,11 AM,Thursday,July,False,Unknown
MMTI-2025-0322,Pasig,Aurora Blvd,Taxi,Collision,Major,Cloudy,Unknown,Drunk Driving,58,Male,3.0,40000,14.55019480669817,121.07170039648986,2025-07-15 06:09:00,6 AM,Tuesday,July,False,41-60
MMTI-2025-0323,Pasay,EDSA,Car,Side-swipe,Unknown,Rain,Dry,Unknown,65,Male,2.0,48000,14.572061316013858,121.0114982976494,2025-01-25 12:06:00,12 PM,Saturday,January,True,Senior
MMTI-2025-0324,Malabon,C5,Bus,Pedestrian,Major,Clear,Unknown,Drunk Driving,67,Male,2.0,43500,14.63463856802947,120.99749874886088,2025-05-12 11:01:00,11 AM,Monday,May,False,Senior
MMTI-2025-0325,Pasig,Roxas Blvd,Truck,Rear-end,Major,Rain,Slippery,Unknown,58,Female,0.0,12000,14.532399897789396,120.94564358787758,2025-08-17 02:24:00,2 AM,Sunday,August,True,41-60
MMTI-2025-0326,Mandaluyong,Katipunan Ave,UV Express,Hit and Run,Fatal,Cloudy,Slippery,Unknown,44,Female,1.0,4500,14.5250079821464,120.9469254384369,2025-06-12 20:18:00,8 PM,Thursday,June,False,41-60
MMTI-2025-0327,Makati,Quezon Ave,Car,Hit and Run,Minor,Clear,Dry,Unknown,53,Male,0.0,,14.579402504152034,121.05299927442672,2025-05-09 23:44:00,11 PM,Friday,May,False,41-60
MMTI-2025-0328,Pasig,Commonwealth Ave,Motorcycle,Hit and Run,Fatal,Rain,Wet,Reckless Driving,46,Female,1.0,69000,14.667703555778576,120.905714258604,2025-02-12 03:16:00,3 AM,Wednesday,February,False,41-60
MMTI-2025-0329,Marikina,Aurora Blvd,Truck,Pedestrian,Fatal,Clear,Unknown,Drunk Driving,62,Female,4.0,78000,14.5913086840973,121.04978232031443,2025-12-06 11:55:00,11 AM,Saturday,December,True,Senior
MMTI-2025-0330,Quezon City,Roxas Blvd,Bus,Hit and Run,Unknown,Rain,Dry,Unknown,37,Male,3.0,35000,14.531143507813772,120.90211116373553,2025-10-16 13:33:00,1 PM,Thursday,October,False,26-40
MMTI-2025-0331,San Juan,Aurora Blvd,Jeepney,Collision,Unknown,Cloudy,Slippery,Overspeeding,67,Female,2.0,78000,14.546243078703831,120.90144359700116,2025-09-25 04:22:00,4 AM,Thursday,September,False,Senior
MMTI-2025-0332,Quezon City,Taft Ave,Truck,Rear-end,Major,Rain,Unknown,Unknown,32,Male,0.0,56000,14.625064602851214,121.00332201237164,2025-07-11 06:26:00,6 AM,Friday,July,False,26-40