incident_id,city,road_name,vehicle_type,accident_type,severity,weather_condition,road_condition,cause,driver_age,driver_gender,injury_count,damage_cost_php,latitude,longitude,datetime,hour,day_of_week,month_name,is_weekend,age_group
MMTI-2025-0333,Mandaluyong,Roxas Blvd,UV Express,Pedestrian,Fatal,Cloudy,Wet,Distracted Driving,29,Female,2.0,16000,14.62737854190967,121.02354588278052,2025-11-10 22:43:00,10 PM,Monday,November,False,26-40
MMTI-2025-0334,Pateros,Quezon Ave,Bus,Collision,Major,Clear,Unknown,Overspeeding,29,Male,2.0,36000,14.525007840566628,120.9876833270894,2025-05-20 22:39:00,10 PM,Tuesday,May,False,26-40
MMTI-2025-0335,Pasig,EDSA,Truck,Rear-end,Fatal,Cloudy,Slippery,Unknown,41,Female,0.0,6000,14.566049729407164,121.06870925985362,2025-01-05 07:05:00,7 AM,Sunday,January,True,41-60
MMTI-2025-0336,Navotas,C5,Jeepney,Hit and Run,Major,Rain,Slippery,Unknown,18,Male,0.0,33500,14.576959579842129,121.09499444282496,2025-03-16 01:17:00,1 AM,Sunday,March,True,18-25
MMTI-2025-0337,Parañaque,Aurora Blvd,UV Express,Collision,Unknown,Rain,Wet,Unknown,42,Male,2.0,22000,14.62583285082614,120.90843718311896,2025-05-07 23:02:00,11 PM,Wednesday,May,False,41-60
MMTI-2025-0338,Mandaluyong,Aurora Blvd,UV Express,Side-swipe,Major,Storm,Dry,Mechanical Failure,25,Female,0.0,57500,14.56490269752602,120.93347207128166,2025-10-09 16:07:00,4 PM,Thursday,October,False,18-25
MMTI-2025-0339,Navotas,Quezon Ave,Motorcycle,Collision,Unknown,Rain,Unknown,Drunk Driving,41,Male,1.0,22000,14.599983841317,121.03718892875112,2025-05-22 18:07:00,6 PM,Thursday,May,False,41-60
MMTI-2025-0340,Quezon City,Ortigas Ave,UV Express,Rear-end,Unknown,Clear,Wet,Unknown,32,Male,4.0,84500,14.651339504640278,121.06110507531731,2025-06-23 20:03:00,8 PM,Monday,June,False,26-40
MMTI-2025-0341,Manila,Taft Ave,Bus,Rear-end,Fatal,Clear,Unknown,Unknown,53,Male,4.0,91000,14.598018399163749,121.01334034679329,2025-08-13 23:12:00,11 PM,Wednesday,August,False,41-60
MMTI-2025-0342,Valenzuela,Roxas Blvd,Taxi,Pedestrian,Unknown,Rain,Dry,Drunk Driving,46,Male,2.0,71000,14.573422541400909,120.90014396574486,2025-10-06 11:20:00,11 AM,Monday,October,False,41-60
MMTI-2025-0343,Pasay,EDSA,Jeepney,Side-swipe,Unknown,Rain,Slippery,Distracted Driving,60,Female,1.0,69000,14.636644836511536,121.05314681910198,2025-11-23 16:24:00,4 PM,Sunday,November,True,41-60
MMTI-2025-0344,Marikina,Taft Ave,UV Express,Side-swipe,Minor,Clear,Unknown,Distracted Driving,20,Female,1.0,6000,14.540415805737757,120.99707405744736,2025-03-20 19:18:00,7 PM,Thursday,March,False,18-25
MMTI-2025-0345,Navotas,Aurora Blvd,Jeepney,Pedestrian,Unknown,Storm,Dry,Traffic Violation,32,Male,0.0,28500,14.63114987237961,121.08568074388768,2025-02-20 01:36:00,1 AM,Thursday,February,False,26-40
MMTI-2025-0346,Quezon City,Ortigas Ave,Jeepney,Hit and Run,Fatal,Rain,Dry,Reckless Driving,51,Male,0.0,11000,14.66689129964099,120.91558707497212,2025-02-10 14:51:00,2 PM,Monday,February,False,41-60
MMTI-2025-0347,Taguig,Quezon Ave,Jeepney,Hit and Run,Major,Rain,Unknown,Mechanical Failure,54,Female,4.0,97500,14.611628321431851,121.04922167525518,2025-04-21 16:06:00,4 PM,Monday,April,False,41-60
MMTI-2025-0348,Valenzuela,Taft Ave,Motorcycle,Rear-end,Major,Clear,Unknown,Traffic Violation,60,Female,4.0,78500,14.588602433999656,120.97046481505409,2025-11-23 18:22:00,6 PM,Sunday,November,True,41-60
MMTI-2025-0349,Las Piñas,Taft Ave,Taxi,Hit and Run,Fatal,Clear,Wet,Mechanical Failure,42,Male,2.0,59500,14.58949995779965,120.97941811233788,2025-06-11 17:20:00,5 PM,Wednesday,June,False,41-60
MMTI-2025-0350,Manila,España Blvd,Car,Side-swipe,Minor,Storm,Wet,Mechanical Failure,38,Male,0.0,37000,14.683822416594122,121.00225429766824,2025-01-18 09:38:00,9 AM,Saturday,January,True,26-40
MMTI-2025-0351,Taguig,EDSA,Truck,Side-swipe,Major,Rain,Slippery,Traffic Violation,55,Female,1.0,34500,14.662214847356532,120.91838102425707,2025-10-20 18:09:00,6 PM,Monday,October,False,41-60
MMTI-2025-0352,Parañaque,C5,UV Express,Side-swipe,Unknown,Rain,Unknown,Distracted Driving,56,Male,0.0,95500,14.661668234432168,120.9763092220999,2025-07-24 18:58:00,6 PM,Thursday,July,False,41-60
MMTI-2025-0353,Malabon,Taft Ave,Taxi,Collision,Major,Rain,Unknown,Overspeeding,58,Female,0.0,41000,14.604876670302724,120.9638633080422,2025-01-29 10:22:00,10 AM,Wednesday,January,False,41-60
MMTI-2025-0354,Manila,Quezon Ave,Car,Collision,Unknown,Cloudy,Unknown,Distracted Driving,32,Female,2.0,52000,14.52960248013167,120.96723363560818,2025-10-17 04:20:00,4 AM,Friday,October,False,26-40
MMTI-2025-0355,Quezon City,España Blvd,Truck,Side-swipe,Minor,Cloudy,Unknown,Unknown,67,Female,1.0,63500,14.611859235462708,120.99757221996089,2025-09-01 18:47:00,6 PM,Monday,September,False,Senior
MMTI-2025-0356,Quezon City,Katipunan Ave,UV Express,Pedestrian,Major,Rain,Dry,Reckless Driving,67,Female,2.0,89500,14.684827616179016,120.91791892962536,2025-11-30 18:12:00,6 PM,Sunday,November,True,Senior
MMTI-2025-0357,Las Piñas,Ortigas Ave,Car,Side-swipe,Fatal,Clear,Dry,Reckless Driving,28,Male,4.0,58500,14.624636431255666,120.98809268481268,2025-12-10 13:27:00,1 PM,Wednesday,December,False,26-40
MMTI-2025-0358,Las Piñas,Commonwealth Ave,Taxi,Collision,Minor,Rain,Dry,Mechanical Failure,57,Female,2.0,3500,14.56865427448421,121.06085615472686,2025-04-30 06:43:00,6 AM,Wednesday,April,False,41-60
MMTI-2025-0359,Manila,Ortigas Ave,Car,Pedestrian,Major,Rain,Unknown,Reckless Driving,53,Female,4.0,95000,14.69846042564712,121.03901422872954,2025-06-06 14:30:00,2 PM,Friday,June,False,41-60
MMTI-2025-0360,Makati,España Blvd,Motorcycle,Side-swipe,Major,Clear,Slippery,Mechanical Failure,68,Male,0.0,61500,14.630951574363078,120.9016668350497,2025-12-09 00:24:00,12 AM,Tuesday,December,False,Senior
MMTI-2025-0361,Las Piñas,C5,Motorcycle,Side-swipe,Unknown,Rain,Unknown,Distracted Driving,38,Female,4.0,70000,14.51760413376453,120.93977504000163,2025-07-18 21:17:00,9 PM,Friday,July,False,26-40
MMTI-2025-0362,Manila,EDSA,Car,Pedestrian,Fatal,Storm,Unknown,Unknown,65,Female,0.0,46000,14.63686227105843,120.97107562664932,2025-08-23 17:59:00,5 PM,Saturday,August,True,Senior
MMTI-2025-0363,Mandaluyong,EDSA,UV Express,Side-swipe,Unknown,Clear,Unknown,Reckless Driving,32,Female,2.0,52000,14.631386351789924,120.91755900342748,2025-06-04 07:32:00,7 AM,Wednesday,June,False,26-40
MMTI-2025-0364,Pasig,Quezon Ave,Truck,Rear-end,Unknown,Rain,Unknown,Reckless Driving,56,Male,3.0,71000,14.526354426453643,121.03049452921536,2025-07-15 16:43:00,4 PM,Tuesday,July,False,41-60
MMTI-2025-0365,Parañaque,Commonwealth Ave,Bus,Pedestrian,Major,Cloudy,Wet,Drunk Driving,38,Male,4.0,70000,14.689720312832952,120.92367745814344,2025-10-25 17:43:00,5 PM,Saturday,October,True,26-40
MMTI-2025-0366,Manila,Ortigas Ave,Truck,Hit and Run,Fatal,Cloudy,Slippery,Drunk Driving,67,Female,0.0,18500,14.536949299314914,121.0524894967466,2025-06-12 04:46:00,4 AM,Thursday,June,False,Senior
MMTI-2025-0367,Pasig,Katipunan Ave,Jeepney,Rear-end,Unknown,Rain,Wet,Overspeeding,40,Male,0.0,63000,14.526817325506098,121.06922764719236,2025-11-10 19:17:00,7 PM,Monday,November,False,26-40
MMTI-2025-0368,Las Piñas,Commonwealth Ave,Taxi,Hit and Run,Unknown,Cloudy,Wet,Drunk Driving,30,Female,0.0,54000,14.652907770825648,120.90300285209037,2025-08-29 22:41:00,10 PM,Friday,August,False,26-40
MMTI-2025-0369,Parañaque,Quezon Ave,Motorcycle,Rear-end,Unknown,Clear,Unknown,Traffic Violation,47,Female,3.0,53500,14.65524294382606,121.02158599158426,2025-05-19 13:14:00,1 PM,Monday,May,False,41-60
MMTI-2025-0370,Navotas,Katipunan Ave,UV Express,Pedestrian,Unknown,Clear,Unknown,Overspeeding,51,Male,3.0,60000,14.66540202033187,120.90848318320182,2025-07-14 23:20:00,11 PM,Monday,July,False,41-60
MMTI-2025-0371,Navotas,EDSA,Jeepney,Hit and Run,Unknown,Rain,Dry,Mechanical Failure,36,Female,3.0,40500,14.654735402506024,120.95718291768632,2025-05-06 16:34:00,4 PM,Tuesday,May,False,26-40
MMTI-2025-0372,Pasig,EDSA,UV Express,Pedestrian,Major,Cloudy,Unknown,Distracted Driving,64,Male,1.0,76500,14.687568491539848,121.03922282836795,2025-03-27 13:18:00,1 PM,Thursday,March,False,Senior
MMTI-2025-0373,Marikina,Aurora Blvd,Motorcycle,Rear-end,Unknown,Clear,Wet,Unknown,23,Male,2.0,90500,14.62971528605694,121.04229394912196,2025-03-11 12:26:00,12 PM,Tuesday,March,False,18-25
MMTI-2025-0374,Taguig,C5,Motorcycle,Hit and Run,Fatal,Clear,Unknown,Unknown,64,Female,3.0,72000,14.576121401852228,121.05365206475688,2025-03-25 22:46:00,10 PM,Tuesday,March,False,Senior
MMTI-2025-0375,Pasig,Commonwealth Ave,Taxi,Rear-end,Major,Rain,Dry,Unknown,37,Male,0.0,,14.692193222710875,120.95775610748896,2025-06-21 18:55:00,6 PM,Saturday,June,True,26-40
MMTI-2025-0376,Pasig,Quezon Ave,Motorcycle,Pedestrian,Fatal,Clear,Unknown,Unknown,49,Male,4.0,65000,14.547575670803896,121.01777246543686,2025-04-03 03:57:00,3 AM,Thursday,April,False,41-60
MMTI-2025-0377,Valenzuela,C5,Jeepney,Pedestrian,Minor,Rain,Unknown,Reckless Driving,57,Female,0.0,25500,14.529651233635938,121.03065537564312,2025-09-01 14:26:00,2 PM,Monday,September,False,41-60
MMTI-2025-0378,Quezon City,Katipunan Ave,Taxi,Pedestrian,Fatal,Storm,Dry,Overspeeding,24,Female,1.0,22500,14.63441809905228,121.02221795120974,2025-01-19 04:54:00,4 AM,Sunday,January,True,18-25
MMTI-2025-0379,Makati,España Blvd,Car,Hit and Run,Unknown,Storm,Dry,Distracted Driving,67,Male,2.0,49000,14.67950595524749,121.0640529484565,2025-12-21 22:38:00,10 PM,Sunday,December,True,Senior
MMTI-2025-0380,San Juan,Aurora Blvd,Car,Collision,Fatal,Storm,Unknown,Unknown,51,Female,0.0,28500,14.622410748985684,120.92186044688728,2025-08-07 17:04:00,5 PM,Thursday,August,False,41-60
MMTI-2025-0381,Pateros,Katipunan Ave,Taxi,Side-swipe,Unknown,Clear,Slippery,Reckless Driving,51,Male,1.0,80500,14.612526867533322,121.0039411600369,2025-11-19 16:05:00,4 PM,Wednesday,November,False,41-60
MMTI-2025-0382,Pasay,Katipunan Ave,Car,Side-swipe,Major,Clear,Dry,Overspeeding,47,Male,0.0,28500,14.659912870251102,121.09979740145003,2025-11-20 15:31:00,3 PM,Thursday,November,False,41-60
MMTI-2025-0383,Las Piñas,España Blvd,Taxi,Rear-end,Minor,Rain,Wet,Reckless Driving,34,Male,2.0,40000,14.601337925419202,120.96478476787662,2025-07-31 01:21:00,1 AM,Thursday,July,False,26-40
MMTI-2025-0384,Marikina,Ortigas Ave,Truck,Pedestrian,Unknown,Clear,Wet,Mechanical Failure,39,Male,0.0,63000,14.683232610634716,121.0594508767658,2025-01-04 03:43:00,3 AM,Saturday,January,True,26-40
MMTI-2025-0385,Pasig,Aurora Blvd,Taxi,Pedestrian,Fatal,Cloudy,Unknown,Overspeeding,51,Male,4.0,94500,14.635639524929974,121.01103544166072,2025-11-27 04:30:00,4 AM,Thursday,November,False,41-60
MMTI-2025-0386,Marikina,Ortigas Ave,Motorcycle,Rear-end,Fatal,Clear,Slippery,Unknown,58,Female,4.0,79500,14.577913254778652,121.019038373406,2025-01-10 06:36:00,6 AM,Friday,January,False,41-60
MMTI-2025-0387,Marikina,EDSA,Bus,Hit and Run,Minor,Cloudy,Wet,Traffic Violation,46,Male,1.0,69000,14.560463659726102,120.9224462544534,2025-06-07 22:54:00,10 PM,Saturday,June,True,41-60
MMTI-2025-0388,Makati,Aurora Blvd,Jeepney,Collision,Unknown,Clear,Wet,Mechanical Failure,39,Female,0.0,69000,14.562071741782924,120.96546759030714,2025-01-20 06:58:00,6 AM,Monday,January,False,26-40
MMTI-2025-0389,Pasig,Quezon Ave,UV Express,Collision,Unknown,Cloudy,Unknown,Distracted Driving,18,Male,0.0,89500,14.66962480484588,121.0743750186072,2025-02-20 16:43:00,4 PM,Thursday,February,False,18-25
MMTI-2025-0390,Quezon City,C5,Jeepney,Side-swipe,Minor,Clear,Slippery,Mechanical Failure,38,Female,1.0,38500,14.555329907733611,120.9638299581003,2025-06-20 14:56:00,2 PM,Friday,June,False,26-40
MMTI-2025-0391,Mandaluyong,Commonwealth Ave,Car,Side-swipe,Minor,Clear,Unknown,Distracted Driving,31,Male,4.0,42500,14.554210420163804,121.08865556374842,2025-08-14 21:07:00,9 PM,Thursday,August,False,26-40
MMTI-2025-0392,Pasay,C5,Bus,Pedestrian,Fatal,Clear,Unknown,Overspeeding,26,Male,3.0,88000,14.510091202118884,120.97671992786796,2025-05-26 18:15:00,6 PM,Monday,May,False,26-40
MMTI-2025-0393,Pasay,Katipunan Ave,Jeepney,Hit and Run,Unknown,Storm,Slippery,Traffic Violation,,Female,0.0,99000,14.634174053086786,121.00669698577904,2025-02-14 13:25:00,1 PM,Friday,February,False,Unknown
MMTI-2025-0394,Makati,Aurora Blvd,Motorcycle,Hit and Run,Fatal,Rain,Unknown,Unknown,32,Female,1.0,80500,14.551610553134772,120.972689869094,2025-08-27 18:08:00,6 PM,Wednesday,August,False,26-40
MMTI-2025-0395,Marikina,Ortigas Ave,Truck,Hit and Run,Minor,Clear,Unknown,Distracted Driving,40,Female,3.0,23500,14.55645147378436,120.9697230884499,2025-04-04 22:58:00,10 PM,Friday,April,False,26-40
MMTI-2025-0396,Taguig,Taft Ave,Taxi,Collision,Fatal,Clear,Dry,Reckless Driving,52,Female,3.0,77500,14.58268838113334,121.02417496777132,2025-10-22 04:32:00,4 AM,Wednesday,October,False,41-60
MMTI-2025-0397,Navotas,C5,Bus,Rear-end,Unknown,Cloudy,Unknown,Traffic Violation,52,Female,1.0,86500,14.633921039220532,121.0478734089894,2025-10-08 05:30:00,5 AM,Wednesday,October,False,41-60
MMTI-2025-0398,Pateros,C5,Jeepney,Pedestrian,Unknown,Storm,Unknown,Distracted Driving,,Female,1.0,41000,14.691176689275792,120.9139215269659,2025-12-31 18:53:00,6 PM,Wednesday,December,False,Unknown
MMTI-2025-0399,Pasig,Taft Ave,Bus,Hit and Run,Minor,Clear,Wet,Drunk Driving,55,Male,1.0,86500,14.5298432863548,121.00625116421509,2025-02-25 21:52:00,9 PM,Tuesday,February,False,41-60
MMTI-2025-0400,Valenzuela,Quezon Ave,Car,Side-swipe,Fatal,Clear,Slippery,Unknown,63,Male,0.0,76500,14.501623850481945,121.09728432969813,2025-07-19 19:36:00,7 PM,Saturday,July,True,Senior
MMTI-2025-0401,San Juan,EDSA,Bus,Pedestrian,Minor,Clear,Unknown,Traffic Violation,25,Male,0.0,32000,14.586343100223276,121.01803277491668,2025-07-26 04:54:00,4 AM,Saturday,July,True,18-25
MMTI-2025-0402,Navotas,Taft Ave,Truck,Hit and Run,Unknown,Rain,Wet,Unknown,26,Female,4.0,51000,14.668665534145358,120.97205757772916,2025-11-17 10:45:00,10 AM,Monday,November,False,26-40
MMTI-2025-0403,Pasig,Commonwealth Ave,Motorcycle,Collision,Minor,Rain,Unknown,Unknown,26,Male,1.0,84000,14.661188322925351,121.07203055241112,2025-08-02 04:18:00,4 AM,Saturday,August,True,26-40
MMTI-2025-0404,Malabon,Katipunan Ave,Car,Hit and Run,Unknown,Cloudy,Unknown,Unknown,42,Male,1.0,25500,14.584954371459146,120.90148599829963,2025-12-23 19:59:00,7 PM,Tuesday,December,False,41-60
MMTI-2025-0405,Manila,Roxas Blvd,Truck,Pedestrian,Unknown,Storm,Dry,Overspeeding,54,Female,0.0,49000,14.522632873922989,120.9963065817382,2025-09-13 23:15:00,11 PM,Saturday,September,True,41-60
MMTI-2025-0406,Manila,Roxas Blvd,Truck,Pedestrian,Minor,Clear,Unknown,Distracted Driving,33,Female,0.0,96500,14.632747387827056,121.0337434278102,2025-12-20 02:09:00,2 AM,Saturday,December,True,26-40
MMTI-2025-0407,Makati,Roxas Blvd,Jeepney,Collision,Fatal,Clear,Dry,Unknown,47,Female,4.0,95500,14.566302797825658,120.9705829083332,2025-12-17 20:34:00,8 PM,Wednesday,December,False,41-60
MMTI-2025-0408,Quezon City,Katipunan Ave,UV Express,Side-swipe,Unknown,Storm,Dry,Unknown,55,Female,4.0,8500,14.631263977274845,120.95835064174072,2025-05-31 09:10:00,9 AM,Saturday,May,True,41-60
MMTI-2025-0409,Pateros,C5,Car,Pedestrian,Minor,Storm,Slippery,Drunk Driving,57,Male,2.0,34500,14.502840602012618,120.9223098808584,2025-11-16 00:18:00,12 AM,Sunday,November,True,41-60
MMTI-2025-0410,Pasig,Aurora Blvd,Bus,Rear-end,Fatal,Rain,Wet,Unknown,29,Male,2.0,12500,14.693469126738712,121.019108818373,2025-03-31 18:47:00,6 PM,Monday,March,False,26-40
MMTI-2025-0411,Malabon,Taft Ave,Car,Hit and Run,Major,Rain,Unknown,Traffic Violation,21,Male,0.0,8500,14.533520079350494,120.979748960549,2025-03-20 15:48:00,3 PM,Thursday,March,False,18-25
MMTI-2025-0412,Quezon City,Quezon Ave,Truck,Hit and Run,Unknown,Storm,Wet,Unknown,18,Male,3.0,50500,14.635698681050076,121.0923525445614,2025-06-04 15:47:00,3 PM,Wednesday,June,False,18-25
MMTI-2025-0413,Quezon City,Ortigas Ave,Taxi,Hit and Run,Unknown,Rain,Slippery,Traffic Violation,35,Male,0.0,34500,14.630868656313682,120.978230752738,2025-12-16 01:06:00,1 AM,Tuesday,December,False,26-40
MMTI-2025-0414,Makati,Quezon Ave,Jeepney,Side-swipe,Major,Storm,Unknown,Overspeeding,61,Male,0.0,3500,14.582249753322747,121.00505285278544,2025-12-12 23:15:00,11 PM,Friday,December,False,Senior
MMTI-2025-0415,Caloocan,Roxas Blvd,Bus,Rear-end,Minor,Clear,Unknown,Distracted Driving,21,Female,4.0,83500,14.52435802624833,121.0915590675473,2025-12-17 14:22:00,2 PM,Wednesday,December,False,18-25
MMTI-2025-0416,Navotas,Katipunan Ave,Taxi,Rear-end,Minor,Rain,Wet,Reckless Driving,36,Female,0.0,11500,14.627756101568703,121.08453907816894,2025-02-14 19:08:00,7 PM,Friday,February,False,26-40
MMTI-2025-0417,Marikina,Roxas Blvd,Car,Collision,Fatal,Clear,Unknown,Unknown,39,Male,2.0,35500,14.535585897327326,120.91387969626744,2025-05-22 13:44:00,1 PM,Thursday,May,False,26-40
MMTI-2025-0418,Pasay,Aurora Blvd,Motorcycle,Rear-end,Unknown,Cloudy,Wet,Distracted Driving,46,Male,0.0,6000,14.514583900675792,121.01426891196898,2025-04-13 19:25:00,7 PM,Sunday,April,True,41-60
MMTI-2025-0419,Pateros,Commonwealth Ave,UV Express,Collision,Minor,Rain,Unknown,Reckless Driving,27,Male,3.0,75500,14.500740750901972,121.04152113041268,2025-05-09 14:01:00,2 PM,Friday,May,False,26-40
MMTI-2025-0420,Navotas,C5,Jeepney,Rear-end,Minor,Cloudy,Unknown,Distracted Driving,54,Male,2.0,89000,14.56056561529728,120.91103893463652,2025-09-09 15:27:00,3 PM,Tuesday,September,False,41-60
MMTI-2025-0421,Quezon City,Ortigas Ave,Motorcycle,Hit and Run,Fatal,Rain,Wet,Drunk Driving,53,Male,3.0,86500,14.53820063218306,121.03917645572142,2025-11-28 02:23:00,2 AM,Friday,November,False,41-60
MMTI-2025-0422,Las Piñas,Aurora Blvd,Motorcycle,Hit and Run,Major,Rain,Dry,Mechanical Failure,19,Female,3.0,51500,14.51259852616897,121.00811040944367,2025-02-24 20:44:00,8 PM,Monday,February,False,18-25
MMTI-2025-0423,Valenzuela,EDSA,Motorcycle,Side-swipe,Minor,Storm,Dry,Unknown,25,Female,0.0,87000,14.604623927859024,121.08801795792294,2025-06-07 15:34:00,3 PM,Saturday,June,True,18-25
MMTI-2025-0424,Makati,Quezon Ave,Motorcycle,Collision,Major,Cloudy,Dry,Unknown,57,Male,1.0,91500,14.629757283822505,120.9028730409924,2025-10-02 04:47:00,4 AM,Thursday,October,False,41-60
MMTI-2025-0425,San Juan,C5,Truck,Pedestrian,Major,Clear,Dry,Distracted Driving,25,Female,4.0,80500,14.544114504848585,121.06089070618546,2025-11-20 01:57:00,1 AM,Thursday,November,False,18-25
MMTI-2025-0426,Navotas,Ortigas Ave,Motorcycle,Pedestrian,Unknown,Rain,Slippery,Mechanical Failure,66,Male,4.0,24000,14.567100745533738,120.92414909791036,2025-08-07 10:51:00,10 AM,Thursday,August,False,Senior
MMTI-2025-0427,Las Piñas,España Blvd,Car,Hit and Run,Major,Clear,Dry,Drunk Driving,24,Female,1.0,4000,14.67592538816775,120.91614452154391,2025-03-14 13:10:00,1 PM,Friday,March,False,18-25
MMTI-2025-0428,Makati,Katipunan Ave,Bus,Hit and Run,Unknown,Rain,Wet,Mechanical Failure,27,Male,4.0,59500,14.58240626490005,121.08761792208932,2025-01-04 05:59:00,5 AM,Saturday,January,True,26-40
MMTI-2025-0429,Pasig,Commonwealth Ave,UV Express,Hit and Run,Unknown,Clear,Slippery,Traffic Violation,44,Male,4.0,32000,14.538380572374924,121.09732070495218,2025-11-09 22:02:00,10 PM,Sunday,November,True,41-60
MMTI-2025-0430,Quezon City,España Blvd,Car,Hit and Run,Major,Storm,Dry,Mechanical Failure,25,Female,0.0,62500,14.599502967560774,120.93195191870652,2025-02-18 19:23:00,7 PM,Tuesday,February,False,18-25
MMTI-2025-0431,Las Piñas,Roxas Blvd,Car,Hit and Run,Fatal,Storm,Unknown,Unknown,20,Male,0.0,8500,14.6849722691437,120.93517752164313,2025-01-23 01:41:00,1 AM,Thursday,January,False,18-25
MMTI-2025-0432,Taguig,C5,Car,Hit and Run,Unknown,Clear,Slippery,Unknown,30,Male,1.0,16000,14.565226444941434,120.9196128267603,2025-01-15 15:32:00,3 PM,Wednesday,January,False,26-40
MMTI-2025-0433,Caloocan,C5,Truck,Pedestrian,Unknown,Clear,Unknown,Drunk Driving,31,Female,1.0,51500,14.57469701638282,120.99154803860162,2025-07-31 06:24:00,6 AM,Thursday,July,False,26-40
MMTI-2025-0434,Mandaluyong,Quezon Ave,Bus,Rear-end,Minor,Rain,Unknown,Overspeeding,35,Female,0.0,61500,14.5917157849941,120.93424026334336,2025-04-10 20:22:00,8 PM,Thursday,April,False,26-40
MMTI-2025-0435,San Juan,Katipunan Ave,Car,Pedestrian,Major,Clear,Unknown,Mechanical Failure,23,Female,4.0,64500,14.672439810627198,120.94328852086004,2025-06-25 07:56:00,7 AM,Wednesday,June,False,18-25
MMTI-2025-0436,Manila,Taft Ave,UV Express,Rear-end,Major,Storm,Unknown,Mechanical Failure,55,Female,4.0,2500,14.583554370671784,120.90884483909616,2025-08-31 14:17:00,2 PM,Sunday,August,True,41-60
MMTI-2025-0437,Manila,EDSA,Truck,Pedestrian,Unknown,Cloudy,Dry,Unknown,49,Female,0.0,73000,14.650615738350783,121.03863196780054,2025-08-29 23:49:00,11 PM,Friday,August,False,41-60
MMTI-2025-0438,Las Piñas,Roxas Blvd,Car,Collision,Minor,Cloudy,Slippery,Drunk Driving,63,Female,4.0,97500,14.616732022202632,121.09528415568894,2025-07-28 06:08:00,6 AM,Monday,July,False,Senior
MMTI-2025-0439,Navotas,Commonwealth Ave,Taxi,Side-swipe,Unknown,Rain,Dry,Distracted Driving,42,Male,4.0,6000,14.559317996242497,121.05057760219243,2025-08-26 04:55:00,4 AM,Tuesday,August,False,41-60
MMTI-2025-0440,Makati,Quezon Ave,Taxi,Collision,Unknown,Storm,Dry,Traffic Violation,21,Male,3.0,48500,14.593070575027369,120.90817486698266,2025-12-24 19:34:00,7 PM,Wednesday,December,False,18-25
MMTI-2025-0441,Quezon City,C5,Jeepney,Rear-end,Major,Storm,Wet,Distracted Driving,59,Female,0.0,98000,14.61602387707104,121.09182074621744,2025-07-07 05:41:00,5 AM,Monday,July,False,41-60
MMTI-2025-0442,Caloocan,Ortigas Ave,Bus,Side-swipe,Unknown,Rain,Unknown,Reckless Driving,21,Male,2.0,46000,14.590482129881124,121.00029001910492,2025-04-18 23:48:00,11 PM,Friday,April,False,18-25
MMTI-2025-0443,Quezon City,España Blvd,Bus,Hit and Run,Unknown,Storm,Dry,Mechanical Failure,47,Male,0.0,52000,14.67958917197408,120.95767453753687,2025-03-04 15:45:00,3 PM,Tuesday,March,False,41-60
MMTI-2025-0444,Mandaluyong,C5,UV Express,Rear-end,Unknown,Rain,Wet,Overspeeding,36,Female,0.0,71000,14.686344294446748,120.99478098354744,2025-02-09 03:10:00,3 AM,Sunday,February,True,26-40