incident_id,city,road_name,vehicle_type,accident_type,severity,weather_condition,road_condition,cause,driver_age,driver_gender,injury_count,damage_cost_php,latitude,longitude,datetime,hour,day_of_week,month_name,is_weekend,age_group
MMTI-2025-0667,Las Piñas,Quezon Ave,UV Express,Side-swipe,Major,Storm,Dry,Distracted Driving,64,Female,0.0,34500,14.674005157688605,121.02686110824996,2025-11-17 00:52:00,12 AM,Monday,November,False,Senior
MMTI-2025-0668,Valenzuela,Quezon Ave,Bus,Side-swipe,Major,Clear,Unknown,Drunk Driving,46,Female,0.0,94500,14.586780712557792,120.92966683790412,2025-10-10 06:52:00,6 AM,Friday,October,False,41-60
MMTI-2025-0669,Pasay,Aurora Blvd,Car,Rear-end,Major,Clear,Unknown,Drunk Driving,59,Male,0.0,41500,14.532583729751783,120.93554685386644,2025-09-03 02:31:00,2 AM,Wednesday,September,False,41-60
MMTI-2025-0670,Parañaque,C5,Car,Collision,Unknown,Rain,Unknown,Unknown,24,Female,0.0,98000,14.661598545330447,121.02065870329696,2025-07-21 21:38:00,9 PM,Monday,July,False,18-25
MMTI-2025-0671,Taguig,EDSA,Taxi,Collision,Major,Rain,Dry,Reckless Driving,27,Male,0.0,15500,14.608474033677776,121.0636510719931,2025-07-13 12:01:00,12 PM,Sunday,July,True,26-40
MMTI-2025-0672,Pasig,Aurora Blvd,Taxi,Pedestrian,Unknown,Rain,Slippery,Traffic Violation,48,Female,1.0,9000,14.608705287712874,120.9534913281016,2025-12-29 02:12:00,2 AM,Monday,December,False,41-60
MMTI-2025-0673,Quezon City,C5,Jeepney,Side-swipe,Minor,Clear,Unknown,Drunk Driving,18,Female,0.0,31000,14.585427086629544,120.9294753020306,2025-10-06 03:01:00,3 AM,Monday,October,False,18-25
MMTI-2025-0674,Navotas,C5,Truck,Rear-end,Minor,Rain,Dry,Reckless Driving,40,Male,4.0,44500,14.523670194090148,121.08466392148242,2025-12-02 09:14:00,9 AM,Tuesday,December,False,26-40
MMTI-2025-0675,Pasig,Commonwealth Ave,Truck,Pedestrian,Fatal,Clear,Wet,Unknown,27,Male,4.0,38500,14.569677136652771,120.92078451256616,2025-02-13 01:38:00,1 AM,Thursday,February,False,26-40
MMTI-2025-0676,Mandaluyong,C5,Taxi,Collision,Major,Rain,Wet,Traffic Violation,27,Female,3.0,94000,14.659370147862354,121.0952678493834,2025-09-13 21:23:00,9 PM,Saturday,September,True,26-40
MMTI-2025-0677,Malabon,Roxas Blvd,Car,Collision,Fatal,Rain,Wet,Unknown,40,Male,3.0,56000,14.59625771000001,121.09456977309875,2025-02-04 03:36:00,3 AM,Tuesday,February,False,26-40
MMTI-2025-0678,Pasig,Quezon Ave,Truck,Hit and Run,Unknown,Cloudy,Unknown,Unknown,52,Female,3.0,12500,14.616192787460864,120.98436815221152,2025-11-05 20:21:00,8 PM,Wednesday,November,False,41-60
MMTI-2025-0679,Caloocan,C5,Car,Side-swipe,Minor,Rain,Dry,Traffic Violation,53,Female,1.0,16000,14.511915477978231,120.96986950689684,2025-10-23 22:51:00,10 PM,Thursday,October,False,41-60
MMTI-2025-0680,Pasig,España Blvd,Truck,Rear-end,Major,Rain,Dry,Drunk Driving,25,Female,3.0,95500,14.50526937648076,121.09298263851512,2025-03-13 09:29:00,9 AM,Thursday,March,False,18-25
MMTI-2025-0681,Taguig,Katipunan Ave,Motorcycle,Hit and Run,Unknown,Rain,Dry,Drunk Driving,41,Female,0.0,33000,14.515413059312817,121.01383663092712,2025-07-10 01:44:00,1 AM,Thursday,July,False,41-60
MMTI-2025-0682,Pasay,Aurora Blvd,UV Express,Rear-end,Unknown,Rain,Slippery,Unknown,44,Male,3.0,84500,14.639049404879229,120.95735381411204,2025-08-02 04:48:00,4 AM,Saturday,August,True,41-60
MMTI-2025-0683,Quezon City,Katipunan Ave,Taxi,Rear-end,Unknown,Rain,Dry,Unknown,45,Female,4.0,93000,14.665903646138393,121.08383004601608,2025-03-21 01:56:00,1 AM,Friday,March,False,41-60
MMTI-2025-0684,Caloocan,Taft Ave,Car,Side-swipe,Minor,Clear,Unknown,Drunk Driving,65,Female,3.0,81000,14.51119936439232,120.97845819172814,2025-09-14 09:45:00,9 AM,Sunday,September,True,Senior
MMTI-2025-0685,Makati,Aurora Blvd,Truck,Side-swipe,Unknown,Cloudy,Wet,Overspeeding,69,Male,0.0,56000,14.53894611786294,120.92168017641366,2025-10-14 19:53:00,7 PM,Tuesday,October,False,Senior
MMTI-2025-0686,Marikina,EDSA,Car,Side-swipe,Major,Clear,Dry,Distracted Driving,31,Male,2.0,26000,14.610338275435158,121.02767779220522,2025-02-09 11:38:00,11 AM,Sunday,February,True,26-40
MMTI-2025-0687,Makati,Katipunan Ave,Jeepney,Collision,Unknown,Cloudy,Dry,Overspeeding,38,Male,2.0,3000,14.696108325357212,121.05033588600516,2025-01-17 07:17:00,7 AM,Friday,January,False,26-40
MMTI-2025-0688,Marikina,Taft Ave,UV Express,Side-swipe,Major,Rain,Dry,Traffic Violation,44,Male,4.0,21000,14.50473706213709,121.05921385941224,2025-07-23 16:12:00,4 PM,Wednesday,July,False,41-60
MMTI-2025-0689,Quezon City,Roxas Blvd,Car,Rear-end,Unknown,Clear,Dry,Mechanical Failure,31,Female,0.0,22500,14.69868332589219,121.00032398330616,2025-09-02 18:55:00,6 PM,Tuesday,September,False,26-40
MMTI-2025-0690,Marikina,Aurora Blvd,Taxi,Rear-end,Fatal,Storm,Slippery,Unknown,20,Female,1.0,28500,14.699401899591663,121.02137540888042,2025-11-08 20:33:00,8 PM,Saturday,November,True,18-25
MMTI-2025-0691,Pateros,C5,Taxi,Collision,Major,Storm,Unknown,Distracted Driving,49,Male,3.0,42000,14.533943527838671,120.95912163579683,2025-03-20 18:40:00,6 PM,Thursday,March,False,41-60
MMTI-2025-0692,Las Piñas,Ortigas Ave,Motorcycle,Collision,Major,Rain,Unknown,Reckless Driving,48,Male,3.0,85000,14.684832154423663,121.08796589393016,2025-02-04 08:36:00,8 AM,Tuesday,February,False,41-60
MMTI-2025-0693,Las Piñas,Roxas Blvd,Truck,Hit and Run,Unknown,Rain,Wet,Unknown,41,Male,2.0,12500,14.636440179367654,121.00118848599509,2025-10-19 15:02:00,3 PM,Sunday,October,True,41-60
MMTI-2025-0694,Pasig,EDSA,UV Express,Rear-end,Unknown,Clear,Wet,Distracted Driving,36,Female,1.0,74500,14.579856084069355,120.91459573540548,2025-05-15 21:02:00,9 PM,Thursday,May,False,26-40
MMTI-2025-0695,Makati,Ortigas Ave,Truck,Hit and Run,Unknown,Cloudy,Dry,Distracted Driving,29,Male,3.0,,14.586622879206343,120.98030409414876,2025-07-18 14:42:00,2 PM,Friday,July,False,26-40
MMTI-2025-0696,Pasig,Aurora Blvd,Car,Hit and Run,Minor,Storm,Unknown,Overspeeding,52,Female,3.0,20500,14.628043276389644,120.96403732384476,2025-02-03 10:21:00,10 AM,Monday,February,False,41-60
MMTI-2025-0697,Navotas,EDSA,Taxi,Side-swipe,Unknown,Cloudy,Wet,Overspeeding,31,Male,0.0,56000,14.55396962203394,121.02713745858684,2025-01-17 19:49:00,7 PM,Friday,January,False,26-40
MMTI-2025-0698,Mandaluyong,Taft Ave,Motorcycle,Side-swipe,Unknown,Cloudy,Unknown,Mechanical Failure,60,Male,1.0,8500,14.518488252006406,121.08032834742744,2025-02-12 04:04:00,4 AM,Wednesday,February,False,41-60
MMTI-2025-0699,Parañaque,Ortigas Ave,Truck,Hit and Run,Unknown,Clear,Wet,Unknown,40,Female,0.0,73500,14.65661447479394,121.01942572772288,2025-06-25 09:10:00,9 AM,Wednesday,June,False,26-40
MMTI-2025-0700,Makati,Katipunan Ave,Car,Side-swipe,Fatal,Clear,Wet,Unknown,27,Female,2.0,16500,14.658403363779152,121.0347890621519,2025-02-09 23:42:00,11 PM,Sunday,February,True,26-40
MMTI-2025-0701,Manila,Aurora Blvd,Taxi,Rear-end,Unknown,Rain,Unknown,Distracted Driving,20,Female,0.0,26000,14.584035221780011,121.0092172455406,2025-05-15 16:46:00,4 PM,Thursday,May,False,18-25
MMTI-2025-0702,Parañaque,Ortigas Ave,Car,Rear-end,Unknown,Clear,Slippery,Traffic Violation,19,Male,2.0,66000,14.663810303610203,120.92494907036324,2025-03-27 19:24:00,7 PM,Thursday,March,False,18-25
MMTI-2025-0703,Malabon,Taft Ave,Bus,Side-swipe,Unknown,Cloudy,Unknown,Traffic Violation,25,Female,3.0,56500,14.574624297286414,121.0105507144256,2025-09-13 20:29:00,8 PM,Saturday,September,True,18-25
MMTI-2025-0704,Navotas,Roxas Blvd,Taxi,Hit and Run,Fatal,Rain,Unknown,Distracted Driving,23,Male,0.0,85000,14.503285298669724,121.0864993503858,2025-03-25 17:27:00,5 PM,Tuesday,March,False,18-25
MMTI-2025-0705,Pasig,España Blvd,Motorcycle,Hit and Run,Unknown,Clear,Dry,Reckless Driving,44,Female,1.0,60000,14.610317582459867,120.92290022104318,2025-02-23 15:47:00,3 PM,Sunday,February,True,41-60
MMTI-2025-0706,Valenzuela,Taft Ave,Taxi,Hit and Run,Minor,Storm,Wet,Reckless Driving,35,Male,2.0,55000,14.634660162391596,120.90083151146798,2025-08-29 03:22:00,3 AM,Friday,August,False,26-40
MMTI-2025-0707,Manila,Commonwealth Ave,Taxi,Side-swipe,Unknown,Rain,Unknown,Traffic Violation,39,Female,4.0,57000,14.548366222613662,121.0946980646124,2025-08-01 01:00:00,1 AM,Friday,August,False,26-40
MMTI-2025-0708,Navotas,EDSA,Taxi,Pedestrian,Unknown,Rain,Unknown,Drunk Driving,43,Male,4.0,22000,14.58748031740035,120.91991558478776,2025-04-09 19:41:00,7 PM,Wednesday,April,False,41-60
MMTI-2025-0709,Makati,Taft Ave,Taxi,Side-swipe,Unknown,Rain,Slippery,Mechanical Failure,23,Male,0.0,57500,14.502307624561928,121.05400644629194,2025-03-06 16:07:00,4 PM,Thursday,March,False,18-25
MMTI-2025-0710,Quezon City,C5,Jeepney,Hit and Run,Minor,Rain,Wet,Unknown,58,Male,1.0,32500,14.630504543927175,120.94435104473968,2025-03-20 00:39:00,12 AM,Thursday,March,False,41-60
MMTI-2025-0711,Caloocan,Taft Ave,Taxi,Side-swipe,Minor,Storm,Dry,Drunk Driving,58,Male,0.0,76000,14.673387809251874,120.9221863038229,2025-04-10 17:53:00,5 PM,Thursday,April,False,41-60
MMTI-2025-0712,Pasig,Roxas Blvd,Bus,Rear-end,Minor,Clear,Unknown,Traffic Violation,31,Female,0.0,64500,14.659088291260536,120.98274902563332,2025-11-02 03:06:00,3 AM,Sunday,November,True,26-40
MMTI-2025-0713,Parañaque,Taft Ave,Truck,Side-swipe,Unknown,Rain,Wet,Reckless Driving,18,Female,0.0,74500,14.626242680261514,121.07096178536334,2025-09-07 20:04:00,8 PM,Sunday,September,True,18-25
MMTI-2025-0714,Pateros,Katipunan Ave,Jeepney,Pedestrian,Minor,Rain,Unknown,Reckless Driving,25,Female,4.0,5500,14.60719083551025,121.0035989843484,2025-03-02 10:22:00,10 AM,Sunday,March,True,18-25
MMTI-2025-0715,Las Piñas,C5,Car,Collision,Fatal,Rain,Wet,Distracted Driving,64,Female,2.0,37000,14.596314974426088,121.09064587219352,2025-03-20 06:55:00,6 AM,Thursday,March,False,Senior
MMTI-2025-0716,San Juan,Aurora Blvd,UV Express,Hit and Run,Unknown,Clear,Unknown,Mechanical Failure,34,Female,1.0,89500,14.669207155536585,121.04347922694843,2025-06-28 22:35:00,10 PM,Saturday,June,True,26-40
MMTI-2025-0717,Makati,Roxas Blvd,Car,Rear-end,Unknown,Cloudy,Unknown,Unknown,56,Male,2.0,81500,14.521511822353744,120.97660916958648,2025-07-21 03:37:00,3 AM,Monday,July,False,41-60
MMTI-2025-0718,Las Piñas,C5,Truck,Rear-end,Minor,Clear,Slippery,Unknown,36,Male,3.0,5500,14.522929990559671,121.061808093373,2025-04-13 18:22:00,6 PM,Sunday,April,True,26-40
MMTI-2025-0719,Caloocan,C5,Car,Side-swipe,Fatal,Rain,Slippery,Distracted Driving,18,Male,0.0,3000,14.643360524369582,120.94275448540655,2025-08-08 05:22:00,5 AM,Friday,August,False,18-25
MMTI-2025-0720,Caloocan,España Blvd,Motorcycle,Hit and Run,Fatal,Clear,Wet,Mechanical Failure,24,Male,0.0,79500,14.689254212205649,121.0614852992593,2025-10-18 10:57:00,10 AM,Saturday,October,True,18-25
MMTI-2025-0721,Malabon,Taft Ave,Bus,Side-swipe,Major,Rain,Dry,Unknown,49,Male,2.0,55500,14.523851804620165,120.99055702115766,2025-12-10 02:36:00,2 AM,Wednesday,December,False,41-60
MMTI-2025-0722,Navotas,Quezon Ave,Jeepney,Collision,Fatal,Clear,Unknown,Overspeeding,47,Male,1.0,53500,14.507401639067872,121.00669340181058,2025-11-04 10:37:00,10 AM,Tuesday,November,False,41-60
MMTI-2025-0723,Manila,C5,Truck,Collision,Unknown,Rain,Slippery,Reckless Driving,38,Male,3.0,12000,14.61129004027637,120.96263493224058,2025-09-28 01:21:00,1 AM,Sunday,September,True,26-40
MMTI-2025-0724,San Juan,Aurora Blvd,Truck,Collision,Fatal,Clear,Dry,Overspeeding,32,Male,0.0,19500,14.521027138819605,120.96457180807202,2025-11-10 01:25:00,1 AM,Monday,November,False,26-40
MMTI-2025-0725,Caloocan,Commonwealth Ave,Motorcycle,Rear-end,Fatal,Clear,Dry,Overspeeding,34,Male,0.0,8000,14.689428972161249,120.91500843504627,2025-12-19 23:27:00,11 PM,Friday,December,False,26-40
MMTI-2025-0726,Navotas,Roxas Blvd,UV Express,Rear-end,Major,Clear,Unknown,Distracted Driving,26,Male,1.0,98000,14.61682606024712,121.07003073985254,2025-06-18 22:39:00,10 PM,Wednesday,June,False,26-40
MMTI-2025-0727,Taguig,España Blvd,Jeepney,Rear-end,Unknown,Cloudy,Unknown,Reckless Driving,38,Female,1.0,13500,14.552762406716052,120.95924683766272,2025-07-31 20:28:00,8 PM,Thursday,July,False,26-40
MMTI-2025-0728,Caloocan,Quezon Ave,UV Express,Collision,Minor,Cloudy,Dry,Mechanical Failure,18,Female,3.0,51000,14.537583485972354,120.92090694359013,2025-02-12 11:35:00,11 AM,Wednesday,February,False,18-25
MMTI-2025-0729,Manila,España Blvd,Taxi,Side-swipe,Fatal,Rain,Unknown,Drunk Driving,50,Male,1.0,30000,14.683339448815053,120.97711514975886,2025-04-17 18:48:00,6 PM,Thursday,April,False,41-60
MMTI-2025-0730,Parañaque,Taft Ave,Car,Collision,Fatal,Cloudy,Wet,Reckless Driving,54,Male,1.0,61000,14.675239247243365,121.04900519864292,2025-08-20 19:32:00,7 PM,Wednesday,August,False,41-60
MMTI-2025-0731,Valenzuela,Commonwealth Ave,Bus,Collision,Unknown,Rain,Unknown,Unknown,40,Male,0.0,72000,14.516813353232186,120.98629472734342,2025-05-04 00:57:00,12 AM,Sunday,May,True,26-40
MMTI-2025-0732,Malabon,España Blvd,Bus,Collision,Unknown,Storm,Slippery,Distracted Driving,21,Female,0.0,56000,14.538786325296767,120.9378899267356,2025-03-19 12:32:00,12 PM,Wednesday,March,False,18-25
MMTI-2025-0733,Manila,Katipunan Ave,Truck,Pedestrian,Unknown,Clear,Dry,Mechanical Failure,25,Female,0.0,8500,14.679011692159904,121.01504610071508,2025-04-01 19:17:00,7 PM,Tuesday,April,False,18-25
MMTI-2025-0734,Taguig,Roxas Blvd,Car,Pedestrian,Unknown,Cloudy,Unknown,Distracted Driving,32,Male,3.0,28000,14.534205823817445,120.94071509591885,2025-05-03 02:34:00,2 AM,Saturday,May,True,26-40
MMTI-2025-0735,Pasig,Roxas Blvd,UV Express,Collision,Minor,Rain,Unknown,Unknown,65,Male,0.0,32500,14.53404651480185,121.03628849695542,2025-11-23 09:45:00,9 AM,Sunday,November,True,Senior
MMTI-2025-0736,Valenzuela,Commonwealth Ave,Motorcycle,Hit and Run,Unknown,Storm,Dry,Drunk Driving,34,Male,1.0,88500,14.6520521504478,120.90194677501025,2025-03-27 05:21:00,5 AM,Thursday,March,False,26-40
MMTI-2025-0737,Manila,Aurora Blvd,Taxi,Rear-end,Unknown,Clear,Dry,Overspeeding,54,Male,1.0,69000,14.600629294167913,121.0509984957376,2025-06-30 15:37:00,3 PM,Monday,June,False,41-60
MMTI-2025-0738,Marikina,Aurora Blvd,Truck,Side-swipe,Unknown,Storm,Unknown,Reckless Driving,41,Female,0.0,47000,14.560226806566352,120.96674777402188,2025-02-18 03:19:00,3 AM,Tuesday,February,False,41-60
MMTI-2025-0739,Pasig,Aurora Blvd,Motorcycle,Side-swipe,Unknown,Rain,Dry,Drunk Driving,44,Female,0.0,20000,14.571438881006587,120.90618093497211,2025-09-23 21:54:00,9 PM,Tuesday,September,False,41-60
MMTI-2025-0740,Malabon,Ortigas Ave,Car,Collision,Major,Cloudy,Dry,Reckless Driving,58,Female,4.0,24000,14.553061866626631,121.03581327251918,2025-10-23 23:44:00,11 PM,Thursday,October,False,41-60
MMTI-2025-0741,Malabon,Roxas Blvd,Bus,Rear-end,Minor,Clear,Unknown,Traffic Violation,57,Male,3.0,60000,14.613332486105191,121.05850511311344,2025-06-19 12:37:00,12 PM,Thursday,June,False,41-60
MMTI-2025-0742,Manila,Aurora Blvd,UV Express,Rear-end,Unknown,Rain,Wet,Reckless Driving,57,Female,2.0,64000,14.55765199074837,121.05995701297331,2025-06-27 09:07:00,9 AM,Friday,June,False,41-60
MMTI-2025-0743,Parañaque,Roxas Blvd,Taxi,Pedestrian,Minor,Clear,Unknown,Reckless Driving,18,Female,2.0,86500,14.666822010279658,120.909980409222,2025-01-08 14:02:00,2 PM,Wednesday,January,False,18-25
MMTI-2025-0744,San Juan,España Blvd,UV Express,Pedestrian,Major,Clear,Slippery,Drunk Driving,64,Female,3.0,76500,14.683651967466949,120.9581604051871,2025-03-12 11:56:00,11 AM,Wednesday,March,False,Senior
MMTI-2025-0745,Las Piñas,Quezon Ave,Taxi,Hit and Run,Unknown,Cloudy,Dry,Reckless Driving,37,Male,1.0,74000,14.587163254140204,121.0751864810623,2025-01-17 15:59:00,3 PM,Friday,January,False,26-40
MMTI-2025-0746,Parañaque,Roxas Blvd,Car,Hit and Run,Unknown,Rain,Slippery,Reckless Driving,23,Male,4.0,82000,14.59223087660347,120.93667443450684,2025-10-24 04:43:00,4 AM,Friday,October,False,18-25
MMTI-2025-0747,Manila,Aurora Blvd,UV Express,Side-swipe,Unknown,Rain,Slippery,Unknown,40,Female,3.0,55500,14.692289384320764,120.99225679640126,2025-08-12 03:08:00,3 AM,Tuesday,August,False,26-40
MMTI-2025-0748,Malabon,C5,Taxi,Rear-end,Unknown,Storm,Wet,Traffic Violation,26,Male,0.0,98500,14.66902146844962,120.92518716812572,2025-10-14 00:49:00,12 AM,Tuesday,October,False,26-40
MMTI-2025-0749,Manila,Aurora Blvd,Taxi,Collision,Minor,Clear,Slippery,Distracted Driving,39,Male,2.0,74000,14.596293580071022,120.96626151928947,2025-12-10 00:29:00,12 AM,Wednesday,December,False,26-40
MMTI-2025-0750,Makati,España Blvd,UV Express,Collision,Major,Clear,Wet,Unknown,26,Female,0.0,83500,14.670451139144266,120.9601784417454,2025-02-01 03:47:00,3 AM,Saturday,February,True,26-40
MMTI-2025-0751,Manila,Aurora Blvd,Jeepney,Rear-end,Minor,Clear,Dry,Drunk Driving,56,Male,4.0,14000,14.549441217190465,120.92072140496036,2025-06-09 23:59:00,11 PM,Monday,June,False,41-60
MMTI-2025-0752,Navotas,EDSA,Motorcycle,Side-swipe,Unknown,Cloudy,Wet,Mechanical Failure,52,Male,4.0,89000,14.587825970142058,121.03163186403688,2025-01-13 16:28:00,4 PM,Monday,January,False,41-60
MMTI-2025-0753,Manila,Commonwealth Ave,Car,Rear-end,Major,Clear,Unknown,Mechanical Failure,48,Female,2.0,39000,14.633507105857165,121.0918182828855,2025-03-05 13:09:00,1 PM,Wednesday,March,False,41-60
MMTI-2025-0754,Mandaluyong,Taft Ave,Truck,Collision,Unknown,Cloudy,Unknown,Drunk Driving,19,Male,3.0,17000,14.612841816826805,120.90220392879924,2025-09-10 11:42:00,11 AM,Wednesday,September,False,18-25
MMTI-2025-0755,Pasig,Aurora Blvd,Motorcycle,Side-swipe,Major,Cloudy,Unknown,Reckless Driving,18,Female,2.0,66000,14.671167914362284,121.00064112426458,2025-06-05 01:41:00,1 AM,Thursday,June,False,18-25
MMTI-2025-0756,Navotas,España Blvd,Motorcycle,Rear-end,Major,Storm,Unknown,Traffic Violation,47,Female,2.0,99500,14.631688788984611,121.0846953874736,2025-06-28 22:33:00,10 PM,Saturday,June,True,41-60
MMTI-2025-0757,Navotas,Aurora Blvd,Jeepney,Rear-end,Unknown,Rain,Unknown,Reckless Driving,26,Male,4.0,76000,14.56961904404237,121.02349500481768,2025-02-04 20:30:00,8 PM,Tuesday,February,False,26-40
MMTI-2025-0758,Manila,Commonwealth Ave,Car,Collision,Minor,Cloudy,Unknown,Traffic Violation,66,Female,0.0,32000,14.521086361854962,121.07615108217897,2025-07-26 02:02:00,2 AM,Saturday,July,True,Senior
MMTI-2025-0759,Makati,EDSA,Jeepney,Side-swipe,Minor,Clear,Dry,Unknown,66,Male,4.0,82500,14.668135871037036,121.08471016909787,2025-07-16 13:59:00,1 PM,Wednesday,July,False,Senior
MMTI-2025-0760,Valenzuela,Taft Ave,Car,Pedestrian,Unknown,Rain,Wet,Reckless Driving,49,Female,0.0,38500,14.545099307896484,121.04843078130796,2025-06-14 03:44:00,3 AM,Saturday,June,True,41-60
MMTI-2025-0761,Parañaque,C5,Jeepney,Collision,Minor,Rain,Dry,Drunk Driving,18,Male,3.0,74500,14.609316168523566,120.91439302316417,2025-08-11 16:51:00,4 PM,Monday,August,False,18-25
MMTI-2025-0762,Manila,Aurora Blvd,Car,Rear-end,Unknown,Cloudy,Unknown,Traffic Violation,40,Female,0.0,58000,14.58550234977226,120.97522364538013,2025-04-05 21:46:00,9 PM,Saturday,April,True,26-40
MMTI-2025-0763,Pasig,España Blvd,Bus,Collision,Minor,Cloudy,Wet,Overspeeding,56,Male,0.0,30500,14.664265561015334,120.957979296032,2025-02-06 18:05:00,6 PM,Thursday,February,False,41-60
MMTI-2025-0764,Las Piñas,C5,Taxi,Rear-end,Fatal,Clear,Unknown,Mechanical Failure,51,Male,3.0,81000,14.511329639771494,121.03950358166072,2025-05-09 12:45:00,12 PM,Friday,May,False,41-60
MMTI-2025-0765,Mandaluyong,EDSA,Motorcycle,Side-swipe,Unknown,Storm,Wet,Traffic Violation,66,Male,1.0,28000,14.609417469526472,121.04677453388216,2025-02-26 18:30:00,6 PM,Wednesday,February,False,Senior
MMTI-2025-0766,Pateros,C5,Taxi,Pedestrian,Unknown,Rain,Dry,Traffic Violation,22,Female,4.0,96500,14.622486530139094,120.91611869765448,2025-12-06 01:15:00,1 AM,Saturday,December,True,18-25
MMTI-2025-0767,Mandaluyong,EDSA,Motorcycle,Collision,Unknown,Clear,Wet,Traffic Violation,45,Female,2.0,31000,14.504288652436802,120.91107130948656,2025-10-10 15:08:00,3 PM,Friday,October,False,41-60
MMTI-2025-0768,Navotas,EDSA,Jeepney,Hit and Run,Minor,Cloudy,Unknown,Drunk Driving,45,Female,4.0,19500,14.52311663990908,120.9235985113638,2025-04-11 17:38:00,5 PM,Friday,April,False,41-60
MMTI-2025-0769,Parañaque,Ortigas Ave,Truck,Collision,Major,Rain,Dry,Overspeeding,32,Female,0.0,98000,14.677667067658506,121.05863616844448,2025-11-12 11:22:00,11 AM,Wednesday,November,False,26-40
MMTI-2025-0770,Manila,Quezon Ave,Taxi,Collision,Minor,Clear,Wet,Unknown,29,Male,0.0,42000,14.569933492842935,121.0310417903817,2025-10-18 01:51:00,1 AM,Saturday,October,True,26-40
MMTI-2025-0771,Pasig,Taft Ave,Truck,Collision,Minor,Clear,Slippery,Mechanical Failure,49,Male,1.0,58500,14.64262677178192,121.08828539753992,2025-05-06 09:08:00,9 AM,Tuesday,May,False,41-60
MMTI-2025-0772,Caloocan,España Blvd,Bus,Side-swipe,Unknown,Clear,Dry,Overspeeding,40,Female,0.0,81500,14.597241539179956,120.91568921536738,2025-10-10 09:55:00,9 AM,Friday,October,False,26-40
MMTI-2025-0773,San Juan,España Blvd,Car,Collision,Fatal,Rain,Wet,Overspeeding,33,Female,0.0,99500,14.59075259708322,120.92284772697283,2025-03-12 16:14:00,4 PM,Wednesday,March,False,26-40
MMTI-2025-0774,Mandaluyong,Katipunan Ave,Truck,Side-swipe,Minor,Clear,Slippery,Unknown,49,Male,3.0,51000,14.588803947038077,120.9448896902885,2025-09-13 01:17:00,1 AM,Saturday,September,True,41-60
MMTI-2025-0775,Malabon,España Blvd,Motorcycle,Side-swipe,Minor,Clear,Slippery,Overspeeding,56,Male,2.0,98000,14.618191725338315,121.05145044330858,2025-07-14 05:42:00,5 AM,Monday,July,False,41-60
MMTI-2025-0776,Pasig,Taft Ave,Taxi,Hit and Run,Minor,Clear,Unknown,Unknown,64,Male,4.0,61000,14.584767004210654,121.0438440390949,2025-06-24 23:53:00,11 PM,Tuesday,June,False,Senior
MMTI-2025-0777,Navotas,Aurora Blvd,UV Express,Rear-end,Major,Clear,Slippery,Reckless Driving,23,Female,4.0,39500,14.567506470637149,120.97892024075776,2025-09-23 08:10:00,8 AM,Tuesday,September,False,18-25
MMTI-2025-0778,Mandaluyong,Roxas Blvd,Taxi,Pedestrian,Minor,Clear,Slippery,Traffic Violation,34,Female,3.0,61000,14.50345333731161,120.90177414039738,2025-11-12 08:23:00,8 AM,Wednesday,November,False,26-40