incident_id,city,road_name,vehicle_type,accident_type,severity,weather_condition,road_condition,cause,driver_age,driver_gender,injury_count,damage_cost_php,latitude,longitude,datetime,hour,day_of_week,month_name,is_weekend,age_group
MMTI-2025-0779,Quezon City,Quezon Ave,Truck,Collision,Unknown,Clear,Slippery,Traffic Violation,22,Female,1.0,35000,14.6531953659456,120.9552288685136,2025-01-19 11:30:00,11 AM,Sunday,January,True,18-25
MMTI-2025-0780,Pasay,Commonwealth Ave,Taxi,Pedestrian,Minor,Rain,Dry,Overspeeding,29,Female,4.0,42500,14.508391117384146,121.04347153936024,2025-09-11 04:14:00,4 AM,Thursday,September,False,26-40
MMTI-2025-0781,Mandaluyong,EDSA,UV Express,Side-swipe,Unknown,Rain,Dry,Mechanical Failure,40,Male,0.0,66500,14.58876253681359,121.00220710348704,2025-02-01 22:16:00,10 PM,Saturday,February,True,26-40
MMTI-2025-0782,Makati,Ortigas Ave,Taxi,Hit and Run,Minor,Rain,Unknown,Reckless Driving,27,Male,2.0,79500,14.657632892370652,120.96699715700016,2025-05-02 06:20:00,6 AM,Friday,May,False,26-40
MMTI-2025-0783,Pateros,Roxas Blvd,Jeepney,Collision,Major,Storm,Dry,Reckless Driving,27,Male,0.0,79500,14.542295929503492,120.96262115316212,2025-07-28 20:23:00,8 PM,Monday,July,False,26-40
MMTI-2025-0784,Las Piñas,Quezon Ave,Truck,Pedestrian,Minor,Rain,Wet,Unknown,66,Male,0.0,30500,14.61308047697469,121.09956259366042,2025-09-18 18:45:00,6 PM,Thursday,September,False,Senior
MMTI-2025-0785,Malabon,España Blvd,UV Express,Collision,Unknown,Clear,Unknown,Unknown,60,Female,2.0,36000,14.53900471901299,121.01504874720136,2025-11-19 17:46:00,5 PM,Wednesday,November,False,41-60
MMTI-2025-0786,Las Piñas,Quezon Ave,Truck,Side-swipe,Minor,Rain,Wet,Unknown,64,Female,2.0,12000,14.570396921873774,121.00112868856854,2025-05-05 10:15:00,10 AM,Monday,May,False,Senior
MMTI-2025-0787,Pasig,Quezon Ave,Truck,Hit and Run,Major,Clear,Wet,Mechanical Failure,67,Female,0.0,76500,14.633180530575126,121.02110913285657,2025-07-05 20:30:00,8 PM,Saturday,July,True,Senior
MMTI-2025-0788,Taguig,C5,Truck,Hit and Run,Unknown,Rain,Unknown,Unknown,58,Female,1.0,60000,14.503102450321274,120.92415776911172,2025-05-27 10:20:00,10 AM,Tuesday,May,False,41-60
MMTI-2025-0789,Pateros,C5,Car,Collision,Unknown,Clear,Wet,Distracted Driving,26,Female,3.0,47000,14.525490597489949,121.03938573979876,2025-05-15 17:45:00,5 PM,Thursday,May,False,26-40
MMTI-2025-0790,Taguig,Ortigas Ave,Taxi,Side-swipe,Unknown,Clear,Unknown,Distracted Driving,64,Male,0.0,96500,14.684144741825696,121.08998381115332,2025-05-04 22:18:00,10 PM,Sunday,May,True,Senior
MMTI-2025-0791,Malabon,Roxas Blvd,Taxi,Hit and Run,Major,Rain,Wet,Distracted Driving,27,Male,4.0,77500,14.573974781742551,121.02988095202078,2025-07-29 20:28:00,8 PM,Tuesday,July,False,26-40
MMTI-2025-0792,Pasay,España Blvd,UV Express,Pedestrian,Fatal,Clear,Wet,Reckless Driving,49,Male,0.0,74000,14.603535528327974,121.00503872868394,2025-07-14 10:28:00,10 AM,Monday,July,False,41-60
MMTI-2025-0793,Marikina,Taft Ave,Bus,Rear-end,Major,Clear,Wet,Unknown,51,Male,4.0,80500,14.56287347838203,120.969469123013,2025-09-18 13:18:00,1 PM,Thursday,September,False,41-60
MMTI-2025-0794,Mandaluyong,Aurora Blvd,Truck,Rear-end,Major,Storm,Slippery,Distracted Driving,32,Male,1.0,14000,14.54136862241054,121.06775799916493,2025-03-26 03:18:00,3 AM,Wednesday,March,False,26-40
MMTI-2025-0795,Quezon City,España Blvd,Jeepney,Rear-end,Minor,Cloudy,Dry,Traffic Violation,31,Male,4.0,56500,14.64641788370136,121.00417877901522,2025-03-28 00:38:00,12 AM,Friday,March,False,26-40
MMTI-2025-0796,Taguig,C5,Truck,Hit and Run,Unknown,Storm,Dry,Drunk Driving,35,Male,2.0,12000,14.648855507065832,120.94448835511112,2025-08-21 09:58:00,9 AM,Thursday,August,False,26-40
MMTI-2025-0797,Manila,Ortigas Ave,Bus,Hit and Run,Unknown,Rain,Dry,Traffic Violation,20,Female,0.0,92000,14.658839479865575,120.963505439744,2025-02-08 10:10:00,10 AM,Saturday,February,True,18-25
MMTI-2025-0798,Quezon City,EDSA,Car,Rear-end,Unknown,Cloudy,Wet,Mechanical Failure,34,Female,1.0,64000,14.662773770372723,121.0467121370088,2025-10-13 21:53:00,9 PM,Monday,October,False,26-40
MMTI-2025-0799,Makati,España Blvd,Taxi,Rear-end,Minor,Cloudy,Dry,Unknown,53,Female,0.0,24500,14.50776254597032,121.03759633192878,2025-05-25 04:12:00,4 AM,Sunday,May,True,41-60
MMTI-2025-0800,Makati,Quezon Ave,UV Express,Side-swipe,Unknown,Clear,Wet,Reckless Driving,32,Male,0.0,64000,14.598044395143903,121.02600549964936,2025-11-11 12:40:00,12 PM,Tuesday,November,False,26-40
MMTI-2025-0801,Pateros,Roxas Blvd,Motorcycle,Rear-end,Minor,Storm,Unknown,Unknown,38,Female,0.0,56000,14.523163835966876,120.99294718646456,2025-11-03 11:34:00,11 AM,Monday,November,False,26-40
MMTI-2025-0802,Las Piñas,Taft Ave,UV Express,Rear-end,Unknown,Cloudy,Unknown,Unknown,61,Female,0.0,39000,14.55358477310462,120.94302123470575,2025-06-13 21:07:00,9 PM,Friday,June,False,Senior
MMTI-2025-0803,Marikina,Roxas Blvd,UV Express,Side-swipe,Unknown,Cloudy,Unknown,Unknown,43,Male,0.0,36000,14.597101078522485,120.9437896390853,2025-07-29 01:35:00,1 AM,Tuesday,July,False,41-60
MMTI-2025-0804,Valenzuela,Taft Ave,Car,Pedestrian,Major,Clear,Wet,Distracted Driving,57,Male,1.0,79000,14.607953462034343,121.09005571264362,2025-11-22 01:19:00,1 AM,Saturday,November,True,41-60
MMTI-2025-0805,Marikina,Ortigas Ave,Taxi,Pedestrian,Minor,Rain,Dry,Mechanical Failure,41,Female,1.0,70500,14.579105257778949,121.04356410090529,2025-01-11 12:05:00,12 PM,Saturday,January,True,41-60
MMTI-2025-0806,Las Piñas,Ortigas Ave,Truck,Rear-end,Unknown,Rain,Wet,Overspeeding,20,Male,4.0,15000,14.600299864110257,121.05826869232192,2025-05-29 05:58:00,5 AM,Thursday,May,False,18-25
MMTI-2025-0807,San Juan,EDSA,Car,Rear-end,Minor,Storm,Dry,Unknown,59,Female,1.0,96500,14.67532432864606,121.07239673895376,2025-01-22 05:18:00,5 AM,Wednesday,January,False,41-60
MMTI-2025-0808,Malabon,EDSA,Motorcycle,Pedestrian,Unknown,Rain,Dry,Unknown,30,Male,2.0,56000,14.60247112623376,120.90468639031374,2025-02-09 02:32:00,2 AM,Sunday,February,True,26-40
MMTI-2025-0809,Taguig,Roxas Blvd,UV Express,Pedestrian,Unknown,Cloudy,Slippery,Unknown,23,Female,3.0,73500,14.55571158004306,120.95688459710428,2025-05-21 14:12:00,2 PM,Wednesday,May,False,18-25
MMTI-2025-0810,Caloocan,Taft Ave,Motorcycle,Hit and Run,Unknown,Storm,Unknown,Distracted Driving,46,Female,4.0,5000,14.57946972365857,120.94642310954195,2025-12-26 17:32:00,5 PM,Friday,December,False,41-60
MMTI-2025-0811,Taguig,Roxas Blvd,Bus,Rear-end,Minor,Clear,Unknown,Drunk Driving,31,Female,4.0,33500,14.51677775553067,120.98063901456668,2025-07-09 15:36:00,3 PM,Wednesday,July,False,26-40
MMTI-2025-0812,Makati,Quezon Ave,Motorcycle,Hit and Run,Fatal,Cloudy,Slippery,Traffic Violation,27,Male,2.0,90000,14.613062472043527,120.98130685667908,2025-08-31 16:46:00,4 PM,Sunday,August,True,26-40
MMTI-2025-0813,Parañaque,España Blvd,Taxi,Hit and Run,Unknown,Cloudy,Slippery,Mechanical Failure,38,Female,0.0,63500,14.60288622312964,121.07173058202817,2025-01-03 08:44:00,8 AM,Friday,January,False,26-40
MMTI-2025-0814,Makati,Taft Ave,Car,Collision,Major,Clear,Dry,Drunk Driving,30,Female,0.0,6500,14.677100566661627,120.99903690542388,2025-02-11 03:27:00,3 AM,Tuesday,February,False,26-40
MMTI-2025-0815,Pasig,España Blvd,Truck,Hit and Run,Minor,Storm,Dry,Unknown,36,Male,4.0,43000,14.623020097448745,120.97432636255594,2025-11-17 16:31:00,4 PM,Monday,November,False,26-40
MMTI-2025-0816,San Juan,España Blvd,UV Express,Rear-end,Unknown,Rain,Slippery,Reckless Driving,48,Female,1.0,44000,14.68541591874773,121.04402605145602,2025-11-29 05:09:00,5 AM,Saturday,November,True,41-60
MMTI-2025-0817,Pateros,EDSA,Bus,Hit and Run,Major,Rain,Unknown,Distracted Driving,18,Male,0.0,26000,14.539853527686066,120.91876956900616,2025-03-11 05:33:00,5 AM,Tuesday,March,False,18-25
MMTI-2025-0818,Quezon City,Katipunan Ave,Truck,Pedestrian,Major,Clear,Slippery,Mechanical Failure,40,Male,1.0,37000,14.556837515265874,121.08230214397324,2025-08-23 10:06:00,10 AM,Saturday,August,True,26-40
MMTI-2025-0819,San Juan,Ortigas Ave,Jeepney,Hit and Run,Fatal,Clear,Unknown,Mechanical Failure,22,Female,0.0,95500,14.543288293898083,120.9356650520309,2025-08-07 18:46:00,6 PM,Thursday,August,False,18-25
MMTI-2025-0820,Manila,Katipunan Ave,UV Express,Hit and Run,Fatal,Clear,Unknown,Reckless Driving,69,Female,1.0,23500,14.500534157132156,120.94636620728537,2025-10-16 03:08:00,3 AM,Thursday,October,False,Senior
MMTI-2025-0821,Pasig,Commonwealth Ave,Car,Rear-end,Unknown,Clear,Slippery,Distracted Driving,21,Female,4.0,58000,14.58508114764816,120.99433781553373,2025-04-21 02:59:00,2 AM,Monday,April,False,18-25
MMTI-2025-0822,Taguig,Quezon Ave,Jeepney,Hit and Run,Unknown,Cloudy,Unknown,Traffic Violation,37,Male,4.0,12000,14.676657121785553,121.0684382441847,2025-06-04 16:48:00,4 PM,Wednesday,June,False,26-40
MMTI-2025-0823,Mandaluyong,Commonwealth Ave,Taxi,Hit and Run,Unknown,Cloudy,Unknown,Reckless Driving,61,Male,4.0,57500,14.630418424827129,120.93560248170093,2025-03-27 20:53:00,8 PM,Thursday,March,False,Senior
MMTI-2025-0824,Las Piñas,Taft Ave,Car,Pedestrian,Unknown,Rain,Unknown,Traffic Violation,29,Male,1.0,58500,14.572198275515442,120.93897772134189,2025-07-07 14:49:00,2 PM,Monday,July,False,26-40
MMTI-2025-0825,Taguig,Ortigas Ave,Bus,Pedestrian,Minor,Clear,Slippery,Overspeeding,59,Male,0.0,63000,14.579658800428982,121.09914756967947,2025-10-28 09:21:00,9 AM,Tuesday,October,False,41-60
MMTI-2025-0826,Quezon City,Katipunan Ave,Taxi,Collision,Unknown,Clear,Unknown,Unknown,29,Female,0.0,84500,14.650117269971352,121.06148613706812,2025-12-27 08:17:00,8 AM,Saturday,December,True,26-40
MMTI-2025-0827,Pasig,Commonwealth Ave,UV Express,Rear-end,Major,Clear,Unknown,Distracted Driving,21,Female,0.0,92500,14.512465094498152,120.9194950921206,2025-01-20 11:01:00,11 AM,Monday,January,False,18-25
MMTI-2025-0828,Parañaque,Katipunan Ave,UV Express,Collision,Fatal,Rain,Slippery,Drunk Driving,55,Male,4.0,3500,14.688109032309791,120.98063461693582,2025-10-06 08:54:00,8 AM,Monday,October,False,41-60
MMTI-2025-0829,Makati,Quezon Ave,Taxi,Pedestrian,Major,Rain,Slippery,Distracted Driving,29,Female,0.0,37000,14.621705805061286,121.03774334118586,2025-12-08 21:03:00,9 PM,Monday,December,False,26-40
MMTI-2025-0830,Manila,Roxas Blvd,Bus,Pedestrian,Fatal,Clear,Slippery,Unknown,54,Male,4.0,61000,14.517632390731965,121.08360221846486,2025-07-29 05:40:00,5 AM,Tuesday,July,False,41-60
MMTI-2025-0831,Pasay,Ortigas Ave,Jeepney,Collision,Major,Clear,Wet,Traffic Violation,47,Male,0.0,33500,14.56155646419124,121.03617811894765,2025-04-04 23:05:00,11 PM,Friday,April,False,41-60
MMTI-2025-0832,Pasig,Roxas Blvd,Motorcycle,Hit and Run,Fatal,Rain,Slippery,Drunk Driving,54,Male,3.0,30500,14.667055052799352,120.95455988479192,2025-04-08 23:48:00,11 PM,Tuesday,April,False,41-60
MMTI-2025-0833,Mandaluyong,Aurora Blvd,Bus,Collision,Unknown,Storm,Unknown,Traffic Violation,40,Female,0.0,89500,14.666346088305822,120.90734621874938,2025-04-13 05:18:00,5 AM,Sunday,April,True,26-40
MMTI-2025-0834,Quezon City,Katipunan Ave,Car,Hit and Run,Fatal,Rain,Slippery,Mechanical Failure,39,Male,0.0,67500,14.654681799129728,120.95164276990036,2025-10-27 12:09:00,12 PM,Monday,October,False,26-40
MMTI-2025-0835,Taguig,España Blvd,UV Express,Rear-end,Unknown,Rain,Unknown,Traffic Violation,41,Female,0.0,77000,14.680254979482068,120.96447440937354,2025-08-28 08:02:00,8 AM,Thursday,August,False,41-60
MMTI-2025-0836,Manila,Commonwealth Ave,Truck,Hit and Run,Fatal,Storm,Dry,Drunk Driving,40,Male,1.0,61500,14.609355621317269,121.05040903541708,2025-02-23 20:22:00,8 PM,Sunday,February,True,26-40
MMTI-2025-0837,Makati,Katipunan Ave,UV Express,Hit and Run,Unknown,Cloudy,Wet,Reckless Driving,64,Male,4.0,45000,14.59651151847624,120.98023062095072,2025-08-13 19:29:00,7 PM,Wednesday,August,False,Senior
MMTI-2025-0838,Manila,C5,Truck,Hit and Run,Fatal,Clear,Unknown,Overspeeding,28,Female,2.0,78000,14.693047122206735,121.08856926638498,2025-01-21 07:48:00,7 AM,Tuesday,January,False,26-40
MMTI-2025-0839,Pasig,Commonwealth Ave,UV Express,Side-swipe,Minor,Clear,Slippery,Drunk Driving,69,Male,3.0,52500,14.533068416208904,120.900168641893,2025-04-12 18:48:00,6 PM,Saturday,April,True,Senior
MMTI-2025-0840,Pasay,Roxas Blvd,Bus,Collision,Major,Rain,Wet,Unknown,23,Female,1.0,89500,14.611069646247728,121.0551217040036,2025-03-17 06:56:00,6 AM,Monday,March,False,18-25
MMTI-2025-0841,Las Piñas,C5,Truck,Pedestrian,Unknown,Rain,Wet,Unknown,60,Female,3.0,92000,14.548548401539112,121.08338994696116,2025-01-03 15:10:00,3 PM,Friday,January,False,41-60
MMTI-2025-0842,Pasig,Taft Ave,Taxi,Side-swipe,Fatal,Rain,Unknown,Unknown,52,Male,2.0,64500,14.63397533556883,121.09404513327246,2025-07-18 04:20:00,4 AM,Friday,July,False,41-60
MMTI-2025-0843,Pasig,Commonwealth Ave,Taxi,Rear-end,Fatal,Storm,Slippery,Overspeeding,57,Female,0.0,84500,14.546014695075272,120.99998993752595,2025-01-14 07:56:00,7 AM,Tuesday,January,False,41-60
MMTI-2025-0844,Malabon,C5,Bus,Hit and Run,Major,Cloudy,Wet,Reckless Driving,37,Female,0.0,63500,14.506965332122176,121.0917025490925,2025-01-23 06:19:00,6 AM,Thursday,January,False,26-40
MMTI-2025-0845,Navotas,España Blvd,Taxi,Collision,Unknown,Clear,Slippery,Distracted Driving,59,Female,0.0,22500,14.563805155647904,121.01493644193854,2025-08-04 05:10:00,5 AM,Monday,August,False,41-60
MMTI-2025-0846,Manila,Aurora Blvd,UV Express,Hit and Run,Unknown,Clear,Slippery,Unknown,34,Male,4.0,59500,14.600412317175904,121.0562007061743,2025-07-16 21:29:00,9 PM,Wednesday,July,False,26-40
MMTI-2025-0847,Quezon City,Ortigas Ave,Motorcycle,Rear-end,Unknown,Clear,Unknown,Distracted Driving,27,Male,2.0,92500,14.618030603614208,120.9395226098819,2025-12-31 10:54:00,10 AM,Wednesday,December,False,26-40
MMTI-2025-0848,Valenzuela,Taft Ave,Motorcycle,Hit and Run,Fatal,Clear,Dry,Unknown,47,Male,0.0,78500,14.637277527703786,120.9504653609182,2025-11-11 23:55:00,11 PM,Tuesday,November,False,41-60
MMTI-2025-0849,Manila,España Blvd,Bus,Rear-end,Fatal,Storm,Unknown,Overspeeding,46,Male,2.0,83000,14.507123015218644,120.92233665638751,2025-06-22 21:18:00,9 PM,Sunday,June,True,41-60
MMTI-2025-0850,Navotas,Quezon Ave,Car,Collision,Unknown,Clear,Wet,Drunk Driving,58,Female,3.0,37000,14.569077256279964,120.99160617543608,2025-01-19 17:47:00,5 PM,Sunday,January,True,41-60
MMTI-2025-0851,Manila,Katipunan Ave,Truck,Collision,Minor,Storm,Slippery,Overspeeding,27,Male,3.0,67500,14.69605329740852,120.91575297316578,2025-11-13 07:58:00,7 AM,Thursday,November,False,26-40
MMTI-2025-0852,Malabon,Taft Ave,Motorcycle,Rear-end,Fatal,Rain,Dry,Unknown,25,Female,4.0,35000,14.69898368165374,121.02311629431551,2025-11-23 23:19:00,11 PM,Sunday,November,True,18-25
MMTI-2025-0853,Quezon City,Ortigas Ave,Jeepney,Hit and Run,Major,Cloudy,Slippery,Drunk Driving,35,Male,4.0,53000,14.681949281962604,121.03564164978998,2025-10-04 07:44:00,7 AM,Saturday,October,True,26-40
MMTI-2025-0854,Parañaque,EDSA,Taxi,Hit and Run,Major,Storm,Slippery,Unknown,56,Male,0.0,30000,14.544964954283945,121.04180170196982,2025-05-20 00:26:00,12 AM,Tuesday,May,False,41-60
MMTI-2025-0855,San Juan,Katipunan Ave,Taxi,Hit and Run,Unknown,Cloudy,Unknown,Traffic Violation,52,Female,3.0,73000,14.502513444934712,120.96811919557996,2025-04-24 02:39:00,2 AM,Thursday,April,False,41-60
MMTI-2025-0856,Valenzuela,Aurora Blvd,Car,Pedestrian,Major,Rain,Unknown,Reckless Driving,43,Male,0.0,75000,14.69354472172053,121.02627681268235,2025-06-27 14:09:00,2 PM,Friday,June,False,41-60
MMTI-2025-0857,Parañaque,España Blvd,Bus,Side-swipe,Fatal,Storm,Unknown,Unknown,19,Female,4.0,76500,14.533346861040988,120.97032527560724,2025-10-15 11:05:00,11 AM,Wednesday,October,False,18-25
MMTI-2025-0858,Manila,Roxas Blvd,Jeepney,Hit and Run,Major,Cloudy,Unknown,Drunk Driving,42,Male,0.0,52500,14.543661076145328,121.0984261812428,2025-08-09 13:48:00,1 PM,Saturday,August,True,41-60
MMTI-2025-0859,Pasay,Taft Ave,Jeepney,Hit and Run,Fatal,Rain,Unknown,Reckless Driving,38,Male,0.0,15500,14.63284691555017,121.03736877584494,2025-10-20 09:11:00,9 AM,Monday,October,False,26-40
MMTI-2025-0860,Manila,España Blvd,Jeepney,Hit and Run,Major,Cloudy,Unknown,Unknown,36,Female,1.0,24500,14.580010872018946,120.90066747595768,2025-11-21 20:20:00,8 PM,Friday,November,False,26-40
MMTI-2025-0861,Pasay,C5,Truck,Pedestrian,Unknown,Cloudy,Unknown,Mechanical Failure,58,Male,4.0,30500,14.527714408352534,121.02398405895138,2025-06-21 14:41:00,2 PM,Saturday,June,True,41-60
MMTI-2025-0862,Malabon,EDSA,Bus,Pedestrian,Major,Rain,Unknown,Unknown,61,Male,2.0,4500,14.6485930749794,121.07670249609632,2025-02-11 19:36:00,7 PM,Tuesday,February,False,Senior
MMTI-2025-0863,Manila,Quezon Ave,Taxi,Rear-end,Unknown,Storm,Wet,Drunk Driving,48,Female,2.0,18500,14.558596383131762,121.07888913159204,2025-12-01 12:35:00,12 PM,Monday,December,False,41-60
MMTI-2025-0864,Valenzuela,Quezon Ave,UV Express,Pedestrian,Unknown,Rain,Wet,Unknown,50,Male,4.0,44000,14.674417091787094,121.08177572512518,2025-04-16 18:29:00,6 PM,Wednesday,April,False,41-60
MMTI-2025-0865,Makati,EDSA,UV Express,Collision,Unknown,Clear,Unknown,Unknown,22,Female,2.0,93500,14.607468289317165,121.04315897044032,2025-05-06 14:46:00,2 PM,Tuesday,May,False,18-25
MMTI-2025-0866,Manila,Aurora Blvd,Truck,Collision,Fatal,Cloudy,Dry,Traffic Violation,43,Female,3.0,17500,14.52072460226116,121.06941407660022,2025-11-07 20:34:00,8 PM,Friday,November,False,41-60
MMTI-2025-0867,Pasay,Ortigas Ave,Truck,Side-swipe,Major,Rain,Unknown,Mechanical Failure,34,Male,2.0,84000,14.638743211439357,120.99164840415,2025-10-24 03:46:00,3 AM,Friday,October,False,26-40
MMTI-2025-0868,Caloocan,Roxas Blvd,Bus,Side-swipe,Unknown,Storm,Unknown,Reckless Driving,54,Male,4.0,6500,14.65226454755667,120.92960479486254,2025-12-30 15:48:00,3 PM,Tuesday,December,False,41-60
MMTI-2025-0869,Las Piñas,Katipunan Ave,Bus,Side-swipe,Fatal,Rain,Wet,Reckless Driving,48,Female,0.0,39500,14.530888257538876,121.06103973045212,2025-05-28 00:14:00,12 AM,Wednesday,May,False,41-60
MMTI-2025-0870,San Juan,Taft Ave,Bus,Rear-end,Minor,Rain,Unknown,Reckless Driving,27,Male,2.0,48500,14.644227873546766,121.04909144769644,2025-03-07 04:38:00,4 AM,Friday,March,False,26-40
MMTI-2025-0871,Pasig,Commonwealth Ave,Bus,Rear-end,Unknown,Clear,Slippery,Traffic Violation,42,Female,0.0,23500,14.674156452007944,120.99641049679428,2025-09-22 12:30:00,12 PM,Monday,September,False,41-60
MMTI-2025-0872,Makati,Ortigas Ave,Car,Side-swipe,Major,Rain,Wet,Reckless Driving,56,Male,0.0,27000,14.57130029275833,120.9918643423459,2025-09-05 12:00:00,12 PM,Friday,September,False,41-60
MMTI-2025-0873,Manila,Quezon Ave,UV Express,Rear-end,Fatal,Rain,Dry,Unknown,58,Male,2.0,66500,14.513439545439889,121.01065689617644,2025-11-23 00:53:00,12 AM,Sunday,November,True,41-60
MMTI-2025-0874,Makati,EDSA,Truck,Pedestrian,Unknown,Rain,Wet,Reckless Driving,69,Female,0.0,85000,14.671504521735145,120.94566798610931,2025-10-01 23:34:00,11 PM,Wednesday,October,False,Senior
MMTI-2025-0875,Pasig,Roxas Blvd,Jeepney,Side-swipe,Minor,Rain,Wet,Distracted Driving,26,Male,0.0,28500,14.545517249768883,121.01713547820104,2025-08-22 05:02:00,5 AM,Friday,August,False,26-40
MMTI-2025-0876,Taguig,España Blvd,Taxi,Collision,Fatal,Rain,Dry,Mechanical Failure,48,Male,3.0,12500,14.595207161005431,120.91997518173214,2025-10-25 15:29:00,3 PM,Saturday,October,True,41-60
MMTI-2025-0877,Pateros,Roxas Blvd,Jeepney,Collision,Unknown,Cloudy,Dry,Unknown,67,Female,4.0,83000,14.622882656388796,120.9912508875016,2025-10-29 06:38:00,6 AM,Wednesday,October,False,Senior
MMTI-2025-0878,Malabon,Katipunan Ave,Bus,Hit and Run,Major,Storm,Unknown,Unknown,50,Male,0.0,40000,14.5528399808217,121.00643800534162,2025-01-01 08:48:00,8 AM,Wednesday,January,False,41-60
MMTI-2025-0879,Quezon City,España Blvd,Bus,Hit and Run,Minor,Rain,Unknown,Overspeeding,38,Female,3.0,22500,14.53575903336042,121.05208756242992,2025-06-24 08:43:00,8 AM,Tuesday,June,False,26-40
MMTI-2025-0880,Valenzuela,Ortigas Ave,UV Express,Pedestrian,Major,Rain,Dry,Mechanical Failure,31,Male,4.0,41000,14.564003172168762,121.00607990394812,2025-12-11 09:06:00,9 AM,Thursday,December,False,26-40
MMTI-2025-0881,Pasig,Quezon Ave,Jeepney,Rear-end,Fatal,Rain,Wet,Unknown,68,Female,1.0,80000,14.632518148656388,120.96513625227917,2025-02-22 21:19:00,9 PM,Saturday,February,True,Senior
MMTI-2025-0882,Pasig,Taft Ave,Taxi,Side-swipe,Major,Storm,Unknown,Reckless Driving,41,Female,2.0,44500,14.645341927340528,121.06584625802222,2025-09-22 15:41:00,3 PM,Monday,September,False,41-60
MMTI-2025-0883,Malabon,Katipunan Ave,Truck,Hit and Run,Minor,Cloudy,Dry,Unknown,40,Female,3.0,,14.55484146329683,121.06370661363653,2025-06-11 14:19:00,2 PM,Wednesday,June,False,26-40
MMTI-2025-0884,Mandaluyong,Roxas Blvd,Taxi,Side-swipe,Minor,Storm,Unknown,Unknown,38,Female,1.0,81000,14.600588684439812,121.07128068845566,2025-04-14 06:42:00,6 AM,Monday,April,False,26-40
MMTI-2025-0885,Pasay,Ortigas Ave,UV Express,Hit and Run,Unknown,Cloudy,Dry,Unknown,62,Female,1.0,37500,14.697385839531876,121.01722287293526,2025-02-24 02:15:00,2 AM,Monday,February,False,Senior
MMTI-2025-0886,Marikina,Roxas Blvd,Jeepney,Side-swipe,Unknown,Storm,Dry,Unknown,26,Male,2.0,95500,14.582755475974546,120.93035451751048,2025-01-31 03:03:00,3 AM,Friday,January,False,26-40
MMTI-2025-0887,Makati,Quezon Ave,Jeepney,Collision,Unknown,Rain,Slippery,Reckless Driving,53,Male,0.0,4500,14.528093513506802,121.05398117612006,2025-03-19 18:19:00,6 PM,Wednesday,March,False,41-60
MMTI-2025-0888,Marikina,Ortigas Ave,Taxi,Hit and Run,Major,Rain,Slippery,Unknown,32,Female,2.0,44500,14.539797035869462,121.09428773329267,2025-12-25 22:47:00,10 PM,Thursday,December,False,26-40
MMTI-2025-0889,Manila,Commonwealth Ave,Motorcycle,Hit and Run,Unknown,Cloudy,Unknown,Overspeeding,51,Male,4.0,49500,14.503240253874234,120.98744138329576,2025-05-13 08:38:00,8 AM,Tuesday,May,False,41-60